"Size Frac","Site","Variable","Post. Mean","95% Cred.Intv","Pr(>0)"
"pico","CW","seasonal","0.46","(0.10, 0.95)","1.00"
"pico","CW","wind","-0.07","(-0.29, 0.14)","0.27"
"pico","CW","temp","0.19","(-0.19, 0.57)","0.83"
"pico","CW","sal","-0.08","(-0.31, 0.15)","0.25"
"pico","CW","P","0.16","(-0.13, 0.43)","0.87"
"pico","CW","NH4","-0.14","(-0.36, 0.08)","0.10"
"pico","CW","N","-0.12","(-0.34, 0.10)","0.15"
"pico","CW","SiOH","0.36","(-0.04, 0.78)","0.96"
"pico","CE","seasonal","0.45","(0.10, 0.99)","1.00"
"pico","CE","wind","0.01","(-0.21, 0.23)","0.54"
"pico","CE","temp","0.32","(-0.06, 0.71)","0.95"
"pico","CE","sal","-0.07","(-0.33, 0.18)","0.29"
"pico","CE","P","0.34","(0.01, 0.68)","0.98"
"pico","CE","NH4","-0.08","(-0.29, 0.13)","0.22"
"pico","CE","N","-0.22","(-0.44, -0.02)","0.02"
"pico","CE","SiOH","0.34","(-0.08, 0.79)","0.95"
"pico","AB","seasonal","0.37","(0.07, 0.83)","1.00"
"pico","AB","wind","-0.02","(-0.25, 0.19)","0.42"
"pico","AB","temp","0.19","(-0.15, 0.56)","0.86"
"pico","AB","sal","-0.00","(-0.31, 0.34)","0.50"
"pico","AB","P","0.24","(-0.02, 0.51)","0.96"
"pico","AB","NH4","-0.00","(-0.22, 0.21)","0.49"
"pico","AB","N","-0.18","(-0.39, 0.04)","0.05"
"pico","AB","SiOH","0.27","(-0.11, 0.62)","0.92"
"pico","MB","seasonal","0.49","(0.11, 0.98)","1.00"
"pico","MB","wind","0.11","(-0.10, 0.34)","0.84"
"pico","MB","temp","0.52","(0.13, 0.94)","1.00"
"pico","MB","sal","-0.24","(-0.56, 0.07)","0.07"
"pico","MB","P","0.57","(0.25, 0.92)","1.00"
"pico","MB","NH4","0.15","(-0.06, 0.35)","0.92"
"pico","MB","N","-0.25","(-0.46, -0.04)","0.01"
"pico","MB","SiOH","0.39","(-0.00, 0.83)","0.97"
"pico","SC","seasonal","0.30","(0.06, 0.71)","1.00"
"pico","SC","wind","0.06","(-0.15, 0.28)","0.71"
"pico","SC","temp","-0.06","(-0.52, 0.39)","0.41"
"pico","SC","sal","-0.20","(-0.62, 0.18)","0.16"
"pico","SC","P","0.08","(-0.11, 0.28)","0.81"
"pico","SC","NH4","0.02","(-0.23, 0.27)","0.55"
"pico","SC","N","-0.11","(-0.31, 0.10)","0.16"
"pico","SC","SiOH","0.27","(-0.01, 0.55)","0.97"
"nano","CW","seasonal","0.65","(0.13, 1.55)","1.00"
"nano","CW","wind","0.26","(-0.23, 0.74)","0.86"
"nano","CW","temp","-0.08","(-0.82, 0.66)","0.42"
"nano","CW","sal","-0.96","(-1.49, -0.47)","0.00"
"nano","CW","P","0.09","(-0.52, 0.63)","0.62"
"nano","CW","NH4","-0.21","(-0.71, 0.28)","0.20"
"nano","CW","N","-0.04","(-0.54, 0.47)","0.45"
"nano","CW","SiOH","0.81","(0.03, 1.63)","0.98"
"nano","CE","seasonal","0.78","(0.16, 1.82)","1.00"
"nano","CE","wind","0.60","(0.11, 1.09)","0.99"
"nano","CE","temp","0.16","(-0.58, 1.00)","0.67"
"nano","CE","sal","-0.63","(-1.16, -0.06)","0.02"
"nano","CE","P","0.43","(-0.17, 1.16)","0.92"
"nano","CE","NH4","-0.78","(-1.34, -0.25)","0.00"
"nano","CE","N","-0.22","(-0.71, 0.27)","0.19"
"nano","CE","SiOH","0.59","(-0.30, 1.37)","0.91"
"nano","AB","seasonal","0.65","(0.12, 1.59)","1.00"
"nano","AB","wind","0.19","(-0.33, 0.67)","0.77"
"nano","AB","temp","-0.20","(-0.98, 0.53)","0.30"
"nano","AB","sal","-0.72","(-1.34, -0.04)","0.02"
"nano","AB","P","0.18","(-0.38, 0.72)","0.74"
"nano","AB","NH4","0.12","(-0.37, 0.66)","0.69"
"nano","AB","N","-0.66","(-1.23, -0.13)","0.01"
"nano","AB","SiOH","0.73","(-0.01, 1.46)","0.97"
"nano","MB","seasonal","0.74","(0.14, 1.71)","1.00"
"nano","MB","wind","0.89","(0.39, 1.44)","1.00"
"nano","MB","temp","0.24","(-0.51, 1.05)","0.72"
"nano","MB","sal","-0.97","(-1.64, -0.37)","0.00"
"nano","MB","P","0.44","(-0.16, 1.13)","0.93"
"nano","MB","NH4","0.12","(-0.37, 0.62)","0.67"
"nano","MB","N","0.45","(-0.08, 1.02)","0.95"
"nano","MB","SiOH","0.86","(0.10, 1.66)","0.98"
"nano","SC","seasonal","0.57","(0.10, 1.37)","1.00"
"nano","SC","wind","0.14","(-0.37, 0.62)","0.70"
"nano","SC","temp","-0.26","(-1.12, 0.53)","0.26"
"nano","SC","sal","-0.86","(-1.59, -0.15)","0.01"
"nano","SC","P","0.16","(-0.26, 0.58)","0.77"
"nano","SC","NH4","-0.11","(-0.71, 0.49)","0.35"
"nano","SC","N","0.00","(-0.48, 0.51)","0.50"
"nano","SC","SiOH","0.80","(0.23, 1.38)","1.00"
"micro","CW","seasonal","0.47","(0.10, 1.02)","1.00"
"micro","CW","wind","0.03","(-0.22, 0.28)","0.59"
"micro","CW","temp","0.13","(-0.30, 0.59)","0.73"
"micro","CW","sal","-0.05","(-0.31, 0.22)","0.36"
"micro","CW","P","0.01","(-0.32, 0.31)","0.52"
"micro","CW","NH4","-0.11","(-0.34, 0.14)","0.19"
"micro","CW","N","0.00","(-0.25, 0.25)","0.50"
"micro","CW","SiOH","-0.08","(-0.54, 0.43)","0.37"
"micro","CE","seasonal","0.35","(0.06, 0.87)","1.00"
"micro","CE","wind","0.16","(-0.09, 0.42)","0.90"
"micro","CE","temp","0.01","(-0.40, 0.42)","0.52"
"micro","CE","sal","-0.16","(-0.45, 0.12)","0.12"
"micro","CE","P","0.01","(-0.36, 0.36)","0.52"
"micro","CE","NH4","-0.10","(-0.34, 0.12)","0.18"
"micro","CE","N","0.02","(-0.21, 0.26)","0.57"
"micro","CE","SiOH","0.13","(-0.35, 0.71)","0.70"
"micro","AB","seasonal","0.44","(0.08, 1.04)","1.00"
"micro","AB","wind","0.04","(-0.20, 0.29)","0.63"
"micro","AB","temp","-0.13","(-0.55, 0.28)","0.27"
"micro","AB","sal","-0.17","(-0.54, 0.16)","0.16"
"micro","AB","P","0.12","(-0.18, 0.41)","0.80"
"micro","AB","NH4","-0.05","(-0.28, 0.19)","0.34"
"micro","AB","N","-0.19","(-0.45, 0.06)","0.07"
"micro","AB","SiOH","-0.36","(-0.81, 0.05)","0.04"
"micro","MB","seasonal","0.46","(0.08, 1.05)","1.00"
"micro","MB","wind","0.02","(-0.23, 0.26)","0.57"
"micro","MB","temp","0.09","(-0.32, 0.54)","0.66"
"micro","MB","sal","-0.01","(-0.34, 0.32)","0.47"
"micro","MB","P","0.38","(0.03, 0.74)","0.99"
"micro","MB","NH4","-0.13","(-0.35, 0.08)","0.12"
"micro","MB","N","0.25","(0.02, 0.51)","0.98"
"micro","MB","SiOH","-0.10","(-0.56, 0.37)","0.34"
"micro","SC","seasonal","0.79","(0.29, 1.38)","1.00"
"micro","SC","wind","-0.29","(-0.57, -0.04)","0.01"
"micro","SC","temp","-0.00","(-0.45, 0.46)","0.50"
"micro","SC","sal","0.06","(-0.36, 0.53)","0.61"
"micro","SC","P","0.28","(0.08, 0.50)","1.00"
"micro","SC","NH4","-0.03","(-0.29, 0.24)","0.42"
"micro","SC","N","0.16","(-0.07, 0.39)","0.91"
"micro","SC","SiOH","-0.11","(-0.42, 0.20)","0.24"
