Year,Month,pdsi,Date
1895,Jan,-0.37,1895-01-01
1895,Feb,0.39,1895-02-01
1895,Mar,-0.23,1895-03-01
1895,Apr,-0.61,1895-04-01
1895,May,0.29,1895-05-01
1895,Jun,0.8,1895-06-01
1895,Jul,0.71,1895-07-01
1895,Aug,0.75,1895-08-01
1895,Sep,-0.48,1895-09-01
1895,Oct,-0.64,1895-10-01
1895,Nov,0.22,1895-11-01
1895,Dec,-0.22,1895-12-01
1896,Jan,0.56,1896-01-01
1896,Feb,0.79,1896-02-01
1896,Mar,0.09,1896-03-01
1896,Apr,0.06,1896-04-01
1896,May,-1.16,1896-05-01
1896,Jun,-2.02,1896-06-01
1896,Jul,-2.36,1896-07-01
1896,Aug,-2.65,1896-08-01
1896,Sep,-1.95,1896-09-01
1896,Oct,-1.22,1896-10-01
1896,Nov,-1.57,1896-11-01
1896,Dec,-1.67,1896-12-01
1897,Jan,-1.45,1897-01-01
1897,Feb,-2.07,1897-02-01
1897,Mar,-2.11,1897-03-01
1897,Apr,-2.07,1897-04-01
1897,May,-2.06,1897-05-01
1897,Jun,-2.14,1897-06-01
1897,Jul,-2.69,1897-07-01
1897,Aug,-2.34,1897-08-01
1897,Sep,-2.47,1897-09-01
1897,Oct,-2.26,1897-10-01
1897,Nov,-2.8,1897-11-01
1897,Dec,-2.7,1897-12-01
1898,Jan,-2.8,1898-01-01
1898,Feb,-2.83,1898-02-01
1898,Mar,-2.76,1898-03-01
1898,Apr,-2.38,1898-04-01
1898,May,-2.66,1898-05-01
1898,Jun,-2.1,1898-06-01
1898,Jul,-2.03,1898-07-01
1898,Aug,-1.92,1898-08-01
1898,Sep,-2.28,1898-09-01
1898,Oct,-2.67,1898-10-01
1898,Nov,-2.53,1898-11-01
1898,Dec,-2.38,1898-12-01
1899,Jan,-2.14,1899-01-01
1899,Feb,-2.35,1899-02-01
1899,Mar,-2.85,1899-03-01
1899,Apr,-2.55,1899-04-01
1899,May,-2.98,1899-05-01
1899,Jun,-1.76,1899-06-01
1899,Jul,-1.5,1899-07-01
1899,Aug,-2.06,1899-08-01
1899,Sep,-2.24,1899-09-01
1899,Oct,-1.97,1899-10-01
1899,Nov,-1.75,1899-11-01
1899,Dec,-0.81,1899-12-01
1900,Jan,1.05,1900-01-01
1900,Feb,0.66,1900-02-01
1900,Mar,2.05,1900-03-01
1900,Apr,3.9,1900-04-01
1900,May,4.18,1900-05-01
1900,Jun,3.61,1900-06-01
1900,Jul,4.34,1900-07-01
1900,Aug,4.75,1900-08-01
1900,Sep,4.45,1900-09-01
1900,Oct,4.08,1900-10-01
1900,Nov,3.46,1900-11-01
1900,Dec,2.84,1900-12-01
1901,Jan,2.04,1901-01-01
1901,Feb,1.55,1901-02-01
1901,Mar,0.19,1901-03-01
1901,Apr,-0.82,1901-04-01
1901,May,-1.26,1901-05-01
1901,Jun,-2.01,1901-06-01
1901,Jul,-1.89,1901-07-01
1901,Aug,-2.3,1901-08-01
1901,Sep,-2.09,1901-09-01
1901,Oct,-2.57,1901-10-01
1901,Nov,-2.93,1901-11-01
1901,Dec,-3.14,1901-12-01
1902,Jan,-3.32,1902-01-01
1902,Feb,-3.38,1902-02-01
1902,Mar,-3.66,1902-03-01
1902,Apr,-3.78,1902-04-01
1902,May,-3.77,1902-05-01
1902,Jun,-4.21,1902-06-01
1902,Jul,-3.53,1902-07-01
1902,Aug,-4.16,1902-08-01
1902,Sep,-2.87,1902-09-01
1902,Oct,-2.73,1902-10-01
1902,Nov,-0.77,1902-11-01
1902,Dec,0.41,1902-12-01
1903,Jan,1.61,1903-01-01
1903,Feb,4.27,1903-02-01
1903,Mar,4.42,1903-03-01
1903,Apr,3.83,1903-04-01
1903,May,3.28,1903-05-01
1903,Jun,3.4,1903-06-01
1903,Jul,4.97,1903-07-01
1903,Aug,5.21,1903-08-01
1903,Sep,4.37,1903-09-01
1903,Oct,4.09,1903-10-01
1903,Nov,3.07,1903-11-01
1903,Dec,2.47,1903-12-01
1904,Jan,1.47,1904-01-01
1904,Feb,0.34,1904-02-01
1904,Mar,-1.68,1904-03-01
1904,Apr,-1.57,1904-04-01
1904,May,-0.98,1904-05-01
1904,Jun,-0.74,1904-06-01
1904,Jul,-0.43,1904-07-01
1904,Aug,0.02,1904-08-01
1904,Sep,0.89,1904-09-01
1904,Oct,1.03,1904-10-01
1904,Nov,0.57,1904-11-01
1904,Dec,-0.03,1904-12-01
1905,Jan,-0.45,1905-01-01
1905,Feb,0.21,1905-02-01
1905,Mar,1.26,1905-03-01
1905,Apr,2.75,1905-04-01
1905,May,2.37,1905-05-01
1905,Jun,2.67,1905-06-01
1905,Jul,2.53,1905-07-01
1905,Aug,1.96,1905-08-01
1905,Sep,1.28,1905-09-01
1905,Oct,0.66,1905-10-01
1905,Nov,1.05,1905-11-01
1905,Dec,1.38,1905-12-01
1906,Jan,0.82,1906-01-01
1906,Feb,0.69,1906-02-01
1906,Mar,0.7,1906-03-01
1906,Apr,0.39,1906-04-01
1906,May,-0.4,1906-05-01
1906,Jun,-1.17,1906-06-01
1906,Jul,-0.78,1906-07-01
1906,Aug,-0.4,1906-08-01
1906,Sep,-0.53,1906-09-01
1906,Oct,-0.61,1906-10-01
1906,Nov,-0.91,1906-11-01
1906,Dec,-1.28,1906-12-01
1907,Jan,-2.01,1907-01-01
1907,Feb,-2.3,1907-02-01
1907,Mar,-2.9,1907-03-01
1907,Apr,-2.86,1907-04-01
1907,May,-1.89,1907-05-01
1907,Jun,-2.3,1907-06-01
1907,Jul,-2.22,1907-07-01
1907,Aug,-2.57,1907-08-01
1907,Sep,-2.99,1907-09-01
1907,Oct,-2.14,1907-10-01
1907,Nov,1.77,1907-11-01
1907,Dec,1.7,1907-12-01
1908,Jan,1.28,1908-01-01
1908,Feb,1.77,1908-02-01
1908,Mar,1.28,1908-03-01
1908,Apr,1.5,1908-04-01
1908,May,1.7,1908-05-01
1908,Jun,1.48,1908-06-01
1908,Jul,1.27,1908-07-01
1908,Aug,1.47,1908-08-01
1908,Sep,1.25,1908-09-01
1908,Oct,0.73,1908-10-01
1908,Nov,0.69,1908-11-01
1908,Dec,0.45,1908-12-01
1909,Jan,-1.05,1909-01-01
1909,Feb,-1.87,1909-02-01
1909,Mar,-2.43,1909-03-01
1909,Apr,-2.63,1909-04-01
1909,May,-2.48,1909-05-01
1909,Jun,-2.78,1909-06-01
1909,Jul,-2.27,1909-07-01
1909,Aug,-2.33,1909-08-01
1909,Sep,-2.77,1909-09-01
1909,Oct,-2.78,1909-10-01
1909,Nov,-2.74,1909-11-01
1909,Dec,-2.51,1909-12-01
1910,Jan,-2.64,1910-01-01
1910,Feb,-2.64,1910-02-01
1910,Mar,-2.58,1910-03-01
1910,Apr,-2.2,1910-04-01
1910,May,-1.95,1910-05-01
1910,Jun,-2.29,1910-06-01
1910,Jul,-2.67,1910-07-01
1910,Aug,-3.18,1910-08-01
1910,Sep,-3.43,1910-09-01
1910,Oct,-3.34,1910-10-01
1910,Nov,-3.67,1910-11-01
1910,Dec,-3.28,1910-12-01
1911,Jan,-3.85,1911-01-01
1911,Feb,-3.89,1911-02-01
1911,Mar,-3.47,1911-03-01
1911,Apr,-2.5,1911-04-01
1911,May,-2.52,1911-05-01
1911,Jun,-3.14,1911-06-01
1911,Jul,-3.29,1911-07-01
1911,Aug,-3.58,1911-08-01
1911,Sep,-4.1,1911-09-01
1911,Oct,-3.92,1911-10-01
1911,Nov,-3.54,1911-11-01
1911,Dec,-2.43,1911-12-01
1912,Jan,-2.6,1912-01-01
1912,Feb,-1.75,1912-02-01
1912,Mar,-1.23,1912-03-01
1912,Apr,-0.89,1912-04-01
1912,May,-1.06,1912-05-01
1912,Jun,-0.32,1912-06-01
1912,Jul,-0.7,1912-07-01
1912,Aug,-1.46,1912-08-01
1912,Sep,-2.22,1912-09-01
1912,Oct,-1.9,1912-10-01
1912,Nov,-1.77,1912-11-01
1912,Dec,-1.4,1912-12-01
1913,Jan,-1.58,1913-01-01
1913,Feb,-1.14,1913-02-01
1913,Mar,-0.71,1913-03-01
1913,Apr,-0.95,1913-04-01
1913,May,-1.23,1913-05-01
1913,Jun,-0.76,1913-06-01
1913,Jul,-1.32,1913-07-01
1913,Aug,-1.46,1913-08-01
1913,Sep,1.13,1913-09-01
1913,Oct,2.62,1913-10-01
1913,Nov,3.38,1913-11-01
1913,Dec,4.55,1913-12-01
1914,Jan,3.67,1914-01-01
1914,Feb,3.54,1914-02-01
1914,Mar,3.43,1914-03-01
1914,Apr,4.13,1914-04-01
1914,May,5.21,1914-05-01
1914,Jun,4.37,1914-06-01
1914,Jul,3.37,1914-07-01
1914,Aug,4.51,1914-08-01
1914,Sep,3.62,1914-09-01
1914,Oct,3.96,1914-10-01
1914,Nov,4.1,1914-11-01
1914,Dec,4.33,1914-12-01
1915,Jan,4.05,1915-01-01
1915,Feb,3.64,1915-02-01
1915,Mar,3.65,1915-03-01
1915,Apr,4.57,1915-04-01
1915,May,3.92,1915-05-01
1915,Jun,2.87,1915-06-01
1915,Jul,2.07,1915-07-01
1915,Aug,2.46,1915-08-01
1915,Sep,2.06,1915-09-01
1915,Oct,0.89,1915-10-01
1915,Nov,-1.21,1915-11-01
1915,Dec,-1.84,1915-12-01
1916,Jan,-1.9,1916-01-01
1916,Feb,-2.65,1916-02-01
1916,Mar,-3.59,1916-03-01
1916,Apr,-3.45,1916-04-01
1916,May,-3.23,1916-05-01
1916,Jun,-3.76,1916-06-01
1916,Jul,-3.14,1916-07-01
1916,Aug,-2.33,1916-08-01
1916,Sep,-2.63,1916-09-01
1916,Oct,-2.82,1916-10-01
1916,Nov,-2.91,1916-11-01
1916,Dec,-3.43,1916-12-01
1917,Jan,-3.73,1917-01-01
1917,Feb,-4.08,1917-02-01
1917,Mar,-4.53,1917-03-01
1917,Apr,-4.66,1917-04-01
1917,May,-4.41,1917-05-01
1917,Jun,-5.11,1917-06-01
1917,Jul,-5.16,1917-07-01
1917,Aug,-5.42,1917-08-01
1917,Sep,-5.46,1917-09-01
1917,Oct,-5.69,1917-10-01
1917,Nov,-5.68,1917-11-01
1917,Dec,-6,1917-12-01
1918,Jan,-6.12,1918-01-01
1918,Feb,-5.87,1918-02-01
1918,Mar,-5.73,1918-03-01
1918,Apr,-4.86,1918-04-01
1918,May,-4.78,1918-05-01
1918,Jun,-4.92,1918-06-01
1918,Jul,-5.34,1918-07-01
1918,Aug,-5.49,1918-08-01
1918,Sep,-5.08,1918-09-01
1918,Oct,-4.33,1918-10-01
1918,Nov,-3.22,1918-11-01
1918,Dec,-2.13,1918-12-01
1919,Jan,0.07,1919-01-01
1919,Feb,0.79,1919-02-01
1919,Mar,1.74,1919-03-01
1919,Apr,1.62,1919-04-01
1919,May,2.82,1919-05-01
1919,Jun,4.18,1919-06-01
1919,Jul,5.77,1919-07-01
1919,Aug,6.32,1919-08-01
1919,Sep,6.75,1919-09-01
1919,Oct,7.63,1919-10-01
1919,Nov,6.84,1919-11-01
1919,Dec,6.15,1919-12-01
1920,Jan,6.84,1920-01-01
1920,Feb,5.77,1920-02-01
1920,Mar,4.88,1920-03-01
1920,Apr,3.83,1920-04-01
1920,May,3.73,1920-05-01
1920,Jun,3.74,1920-06-01
1920,Jul,3.29,1920-07-01
1920,Aug,3.69,1920-08-01
1920,Sep,2.51,1920-09-01
1920,Oct,2.1,1920-10-01
1920,Nov,2.1,1920-11-01
1920,Dec,1.16,1920-12-01
1921,Jan,0.27,1921-01-01
1921,Feb,-0.87,1921-02-01
1921,Mar,-0.38,1921-03-01
1921,Apr,0.37,1921-04-01
1921,May,-0.08,1921-05-01
1921,Jun,1.3,1921-06-01
1921,Jul,1.18,1921-07-01
1921,Aug,0.33,1921-08-01
1921,Sep,1.17,1921-09-01
1921,Oct,0.18,1921-10-01
1921,Nov,-0.97,1921-11-01
1921,Dec,-1.59,1921-12-01
1922,Jan,-1.28,1922-01-01
1922,Feb,-1.49,1922-02-01
1922,Mar,-0.28,1922-03-01
1922,Apr,1.06,1922-04-01
1922,May,1.02,1922-05-01
1922,Jun,1.33,1922-06-01
1922,Jul,0.79,1922-07-01
1922,Aug,-0.36,1922-08-01
1922,Sep,-0.66,1922-09-01
1922,Oct,-0.67,1922-10-01
1922,Nov,-0.65,1922-11-01
1922,Dec,-1.64,1922-12-01
1923,Jan,-2.32,1923-01-01
1923,Feb,-0.47,1923-02-01
1923,Mar,1.26,1923-03-01
1923,Apr,1.84,1923-04-01
1923,May,1.21,1923-05-01
1923,Jun,0.31,1923-06-01
1923,Jul,0.03,1923-07-01
1923,Aug,-0.12,1923-08-01
1923,Sep,0.64,1923-09-01
1923,Oct,0.87,1923-10-01
1923,Nov,1.55,1923-11-01
1923,Dec,3.25,1923-12-01
1924,Jan,3.16,1924-01-01
1924,Feb,3.53,1924-02-01
1924,Mar,3.31,1924-03-01
1924,Apr,3.08,1924-04-01
1924,May,3.46,1924-05-01
1924,Jun,3.58,1924-06-01
1924,Jul,3,1924-07-01
1924,Aug,2.14,1924-08-01
1924,Sep,1.62,1924-09-01
1924,Oct,-0.42,1924-10-01
1924,Nov,-2.5,1924-11-01
1924,Dec,-2.2,1924-12-01
1925,Jan,-2.49,1925-01-01
1925,Feb,-3.13,1925-02-01
1925,Mar,-3.74,1925-03-01
1925,Apr,-4.39,1925-04-01
1925,May,-4.81,1925-05-01
1925,Jun,-5.32,1925-06-01
1925,Jul,-5.57,1925-07-01
1925,Aug,-5.32,1925-08-01
1925,Sep,-4.72,1925-09-01
1925,Oct,-3.5,1925-10-01
1925,Nov,-3.09,1925-11-01
1925,Dec,-2.65,1925-12-01
1926,Jan,-1.64,1926-01-01
1926,Feb,-2.02,1926-02-01
1926,Mar,1.74,1926-03-01
1926,Apr,2.65,1926-04-01
1926,May,2.55,1926-05-01
1926,Jun,2.25,1926-06-01
1926,Jul,2.25,1926-07-01
1926,Aug,1.86,1926-08-01
1926,Sep,0.64,1926-09-01
1926,Oct,0.67,1926-10-01
1926,Nov,0.37,1926-11-01
1926,Dec,0.92,1926-12-01
1927,Jan,0.25,1927-01-01
1927,Feb,-0.1,1927-02-01
1927,Mar,0.14,1927-03-01
1927,Apr,-0.55,1927-04-01
1927,May,-1.65,1927-05-01
1927,Jun,-0.93,1927-06-01
1927,Jul,-1.33,1927-07-01
1927,Aug,-2.15,1927-08-01
1927,Sep,-2.38,1927-09-01
1927,Oct,-2.19,1927-10-01
1927,Nov,-3.08,1927-11-01
1927,Dec,-2.61,1927-12-01
1928,Jan,-2.92,1928-01-01
1928,Feb,-2.41,1928-02-01
1928,Mar,-2.65,1928-03-01
1928,Apr,-2.66,1928-04-01
1928,May,-2.69,1928-05-01
1928,Jun,-2.57,1928-06-01
1928,Jul,-2.76,1928-07-01
1928,Aug,-3.01,1928-08-01
1928,Sep,-2.34,1928-09-01
1928,Oct,-2.81,1928-10-01
1928,Nov,-2.2,1928-11-01
1928,Dec,-1.28,1928-12-01
1929,Jan,-0.54,1929-01-01
1929,Feb,-0.83,1929-02-01
1929,Mar,-0.1,1929-03-01
1929,Apr,-0.17,1929-04-01
1929,May,2.8,1929-05-01
1929,Jun,2.6,1929-06-01
1929,Jul,3.15,1929-07-01
1929,Aug,2.65,1929-08-01
1929,Sep,1.79,1929-09-01
1929,Oct,1.38,1929-10-01
1929,Nov,1.99,1929-11-01
1929,Dec,1.92,1929-12-01
1930,Jan,1.94,1930-01-01
1930,Feb,1.4,1930-02-01
1930,Mar,1.59,1930-03-01
1930,Apr,1.13,1930-04-01
1930,May,1.46,1930-05-01
1930,Jun,1.31,1930-06-01
1930,Jul,0.78,1930-07-01
1930,Aug,-0.46,1930-08-01
1930,Sep,-1.33,1930-09-01
1930,Oct,-0.01,1930-10-01
1930,Nov,0.82,1930-11-01
1930,Dec,0.85,1930-12-01
1931,Jan,1.81,1931-01-01
1931,Feb,2.27,1931-02-01
1931,Mar,2.63,1931-03-01
1931,Apr,2.47,1931-04-01
1931,May,2.09,1931-05-01
1931,Jun,1.99,1931-06-01
1931,Jul,2.39,1931-07-01
1931,Aug,2.24,1931-08-01
1931,Sep,0.62,1931-09-01
1931,Oct,-0.95,1931-10-01
1931,Nov,-1.95,1931-11-01
1931,Dec,-1.21,1931-12-01
1932,Jan,1.08,1932-01-01
1932,Feb,1.58,1932-02-01
1932,Mar,1.67,1932-03-01
1932,Apr,1.91,1932-04-01
1932,May,1.45,1932-05-01
1932,Jun,0.88,1932-06-01
1932,Jul,0.24,1932-07-01
1932,Aug,0.97,1932-08-01
1932,Sep,1.53,1932-09-01
1932,Oct,0.62,1932-10-01
1932,Nov,-0.06,1932-11-01
1932,Dec,-0.26,1932-12-01
1933,Jan,-0.66,1933-01-01
1933,Feb,-0.24,1933-02-01
1933,Mar,-0.49,1933-03-01
1933,Apr,-1.23,1933-04-01
1933,May,-1.52,1933-05-01
1933,Jun,-1.99,1933-06-01
1933,Jul,-1.55,1933-07-01
1933,Aug,-1.19,1933-08-01
1933,Sep,-1.39,1933-09-01
1933,Oct,-2.05,1933-10-01
1933,Nov,-2.44,1933-11-01
1933,Dec,-3.05,1933-12-01
1934,Jan,-1.02,1934-01-01
1934,Feb,-0.81,1934-02-01
1934,Mar,0.25,1934-03-01
1934,Apr,0.99,1934-04-01
1934,May,0.33,1934-05-01
1934,Jun,-1.21,1934-06-01
1934,Jul,-0.9,1934-07-01
1934,Aug,-1.55,1934-08-01
1934,Sep,-1.64,1934-09-01
1934,Oct,-2.62,1934-10-01
1934,Nov,-1.82,1934-11-01
1934,Dec,-0.91,1934-12-01
1935,Jan,-1.23,1935-01-01
1935,Feb,-0.7,1935-02-01
1935,Mar,-0.76,1935-03-01
1935,Apr,-0.69,1935-04-01
1935,May,1.69,1935-05-01
1935,Jun,2.51,1935-06-01
1935,Jul,2.75,1935-07-01
1935,Aug,2.15,1935-08-01
1935,Sep,3.41,1935-09-01
1935,Oct,2.77,1935-10-01
1935,Nov,2.2,1935-11-01
1935,Dec,2.97,1935-12-01
1936,Jan,2.44,1936-01-01
1936,Feb,1.93,1936-02-01
1936,Mar,1.65,1936-03-01
1936,Apr,1.4,1936-04-01
1936,May,2.67,1936-05-01
1936,Jun,2.85,1936-06-01
1936,Jul,4.02,1936-07-01
1936,Aug,4.29,1936-08-01
1936,Sep,4.69,1936-09-01
1936,Oct,4.31,1936-10-01
1936,Nov,3.95,1936-11-01
1936,Dec,3.4,1936-12-01
1937,Jan,3.11,1937-01-01
1937,Feb,2.21,1937-02-01
1937,Mar,2.76,1937-03-01
1937,Apr,1.82,1937-04-01
1937,May,0.65,1937-05-01
1937,Jun,0,1937-06-01
1937,Jul,-0.68,1937-07-01
1937,Aug,-1.49,1937-08-01
1937,Sep,-2.18,1937-09-01
1937,Oct,-1.99,1937-10-01
1937,Nov,-1.95,1937-11-01
1937,Dec,0.47,1937-12-01
1938,Jan,0.82,1938-01-01
1938,Feb,0.43,1938-02-01
1938,Mar,-0.41,1938-03-01
1938,Apr,0.77,1938-04-01
1938,May,1.08,1938-05-01
1938,Jun,0.87,1938-06-01
1938,Jul,0.58,1938-07-01
1938,Aug,-0.12,1938-08-01
1938,Sep,-0.83,1938-09-01
1938,Oct,-1.74,1938-10-01
1938,Nov,-1.89,1938-11-01
1938,Dec,-1.74,1938-12-01
1939,Jan,-1.65,1939-01-01
1939,Feb,-1.81,1939-02-01
1939,Mar,-2.32,1939-03-01
1939,Apr,-2.82,1939-04-01
1939,May,-3.2,1939-05-01
1939,Jun,-3.59,1939-06-01
1939,Jul,-3.09,1939-07-01
1939,Aug,-3.08,1939-08-01
1939,Sep,-3.14,1939-09-01
1939,Oct,-3.55,1939-10-01
1939,Nov,-3.56,1939-11-01
1939,Dec,-3.73,1939-12-01
1940,Jan,-3.79,1940-01-01
1940,Feb,-3.34,1940-02-01
1940,Mar,-3.27,1940-03-01
1940,Apr,-3.29,1940-04-01
1940,May,-3.27,1940-05-01
1940,Jun,-1.74,1940-06-01
1940,Jul,-1.26,1940-07-01
1940,Aug,-1.24,1940-08-01
1940,Sep,-1.73,1940-09-01
1940,Oct,-1.17,1940-10-01
1940,Nov,1.14,1940-11-01
1940,Dec,2.72,1940-12-01
1941,Jan,2.65,1941-01-01
1941,Feb,3.28,1941-02-01
1941,Mar,4.03,1941-03-01
1941,Apr,4.85,1941-04-01
1941,May,5.03,1941-05-01
1941,Jun,5.34,1941-06-01
1941,Jul,5.68,1941-07-01
1941,Aug,5.54,1941-08-01
1941,Sep,5.16,1941-09-01
1941,Oct,5.13,1941-10-01
1941,Nov,4.37,1941-11-01
1941,Dec,3.73,1941-12-01
1942,Jan,2.91,1942-01-01
1942,Feb,2.69,1942-02-01
1942,Mar,1.8,1942-03-01
1942,Apr,1.86,1942-04-01
1942,May,1.12,1942-05-01
1942,Jun,0.17,1942-06-01
1942,Jul,2,1942-07-01
1942,Aug,2.85,1942-08-01
1942,Sep,3.25,1942-09-01
1942,Oct,3.14,1942-10-01
1942,Nov,2.56,1942-11-01
1942,Dec,1.92,1942-12-01
1943,Jan,1.61,1943-01-01
1943,Feb,0.39,1943-02-01
1943,Mar,0.58,1943-03-01
1943,Apr,-0.64,1943-04-01
1943,May,-0.64,1943-05-01
1943,Jun,-1.13,1943-06-01
1943,Jul,-0.76,1943-07-01
1943,Aug,-1.65,1943-08-01
1943,Sep,-1.31,1943-09-01
1943,Oct,-1.79,1943-10-01
1943,Nov,-1.17,1943-11-01
1943,Dec,-0.86,1943-12-01
1944,Jan,1.03,1944-01-01
1944,Feb,0.84,1944-02-01
1944,Mar,1.85,1944-03-01
1944,Apr,1.08,1944-04-01
1944,May,2.13,1944-05-01
1944,Jun,1.75,1944-06-01
1944,Jul,1.12,1944-07-01
1944,Aug,1.76,1944-08-01
1944,Sep,1.37,1944-09-01
1944,Oct,0.04,1944-10-01
1944,Nov,0.81,1944-11-01
1944,Dec,1.1,1944-12-01
1945,Jan,0.97,1945-01-01
1945,Feb,1,1945-02-01
1945,Mar,1.14,1945-03-01
1945,Apr,1.57,1945-04-01
1945,May,0.59,1945-05-01
1945,Jun,0.72,1945-06-01
1945,Jul,0.31,1945-07-01
1945,Aug,0.59,1945-08-01
1945,Sep,-0.07,1945-09-01
1945,Oct,0.03,1945-10-01
1945,Nov,-1.21,1945-11-01
1945,Dec,-1.27,1945-12-01
1946,Jan,-0.43,1946-01-01
1946,Feb,-0.17,1946-02-01
1946,Mar,0.41,1946-03-01
1946,Apr,0.6,1946-04-01
1946,May,0.93,1946-05-01
1946,Jun,1.54,1946-06-01
1946,Jul,1.42,1946-07-01
1946,Aug,2.61,1946-08-01
1946,Sep,3.33,1946-09-01
1946,Oct,3.42,1946-10-01
1946,Nov,3.55,1946-11-01
1946,Dec,3.09,1946-12-01
1947,Jan,3.42,1947-01-01
1947,Feb,2.72,1947-02-01
1947,Mar,2.72,1947-03-01
1947,Apr,2.42,1947-04-01
1947,May,2.59,1947-05-01
1947,Jun,1.98,1947-06-01
1947,Jul,1.04,1947-07-01
1947,Aug,1.44,1947-08-01
1947,Sep,0.14,1947-09-01
1947,Oct,-1.89,1947-10-01
1947,Nov,-1.63,1947-11-01
1947,Dec,-1.44,1947-12-01
1948,Jan,-1.37,1948-01-01
1948,Feb,-0.8,1948-02-01
1948,Mar,-0.93,1948-03-01
1948,Apr,-1.22,1948-04-01
1948,May,-1.37,1948-05-01
1948,Jun,-1.74,1948-06-01
1948,Jul,-2,1948-07-01
1948,Aug,-2.01,1948-08-01
1948,Sep,-1.95,1948-09-01
1948,Oct,-2.26,1948-10-01
1948,Nov,-2.43,1948-11-01
1948,Dec,-3.14,1948-12-01
1949,Jan,-2.67,1949-01-01
1949,Feb,-1.94,1949-02-01
1949,Mar,-1.81,1949-03-01
1949,Apr,1.38,1949-04-01
1949,May,0.74,1949-05-01
1949,Jun,0.61,1949-06-01
1949,Jul,0.95,1949-07-01
1949,Aug,0.86,1949-08-01
1949,Sep,0.27,1949-09-01
1949,Oct,1.84,1949-10-01
1949,Nov,0.91,1949-11-01
1949,Dec,1.36,1949-12-01
1950,Jan,0.37,1950-01-01
1950,Feb,0.34,1950-02-01
1950,Mar,-0.59,1950-03-01
1950,Apr,-0.13,1950-04-01
1950,May,-0.7,1950-05-01
1950,Jun,-0.58,1950-06-01
1950,Jul,-0.76,1950-07-01
1950,Aug,-0.98,1950-08-01
1950,Sep,-1.23,1950-09-01
1950,Oct,-2.19,1950-10-01
1950,Nov,-2.76,1950-11-01
1950,Dec,-3.38,1950-12-01
1951,Jan,-3.75,1951-01-01
1951,Feb,-3.83,1951-02-01
1951,Mar,-3.33,1951-03-01
1951,Apr,-3.69,1951-04-01
1951,May,-3.5,1951-05-01
1951,Jun,-3.27,1951-06-01
1951,Jul,-3.88,1951-07-01
1951,Aug,-4.39,1951-08-01
1951,Sep,-3.49,1951-09-01
1951,Oct,-3.75,1951-10-01
1951,Nov,-3.62,1951-11-01
1951,Dec,-4.03,1951-12-01
1952,Jan,-4.56,1952-01-01
1952,Feb,-4.27,1952-02-01
1952,Mar,-4,1952-03-01
1952,Apr,-3.28,1952-04-01
1952,May,-2.69,1952-05-01
1952,Jun,-2.85,1952-06-01
1952,Jul,-2.74,1952-07-01
1952,Aug,-3.27,1952-08-01
1952,Sep,-1.69,1952-09-01
1952,Oct,-2.13,1952-10-01
1952,Nov,-0.99,1952-11-01
1952,Dec,-0.17,1952-12-01
1953,Jan,-0.65,1953-01-01
1953,Feb,-0.51,1953-02-01
1953,Mar,-1.31,1953-03-01
1953,Apr,-1.35,1953-04-01
1953,May,-1.32,1953-05-01
1953,Jun,-1.82,1953-06-01
1953,Jul,-2.34,1953-07-01
1953,Aug,-0.68,1953-08-01
1953,Sep,-0.86,1953-09-01
1953,Oct,-0.47,1953-10-01
1953,Nov,-1.04,1953-11-01
1953,Dec,-0.9,1953-12-01
1954,Jan,-1.41,1954-01-01
1954,Feb,-2.24,1954-02-01
1954,Mar,-2.83,1954-03-01
1954,Apr,-2.85,1954-04-01
1954,May,-3.02,1954-05-01
1954,Jun,-3.5,1954-06-01
1954,Jul,-4.03,1954-07-01
1954,Aug,-4.32,1954-08-01
1954,Sep,-4.7,1954-09-01
1954,Oct,-4.42,1954-10-01
1954,Nov,-4.47,1954-11-01
1954,Dec,-4.9,1954-12-01
1955,Jan,-4.75,1955-01-01
1955,Feb,-4.12,1955-02-01
1955,Mar,-4.38,1955-03-01
1955,Apr,-4.88,1955-04-01
1955,May,-4.58,1955-05-01
1955,Jun,-4.55,1955-06-01
1955,Jul,-4.6,1955-07-01
1955,Aug,-4.09,1955-08-01
1955,Sep,-3.94,1955-09-01
1955,Oct,-4.24,1955-10-01
1955,Nov,-4.31,1955-11-01
1955,Dec,-4.44,1955-12-01
1956,Jan,-4.44,1956-01-01
1956,Feb,-4.56,1956-02-01
1956,Mar,-4.74,1956-03-01
1956,Apr,-4.91,1956-04-01
1956,May,-5.28,1956-05-01
1956,Jun,-5.75,1956-06-01
1956,Jul,-6.07,1956-07-01
1956,Aug,-6.02,1956-08-01
1956,Sep,-6.22,1956-09-01
1956,Oct,-6.12,1956-10-01
1956,Nov,-5.95,1956-11-01
1956,Dec,-5.54,1956-12-01
1957,Jan,-5.68,1957-01-01
1957,Feb,-5.34,1957-02-01
1957,Mar,-3.87,1957-03-01
1957,Apr,-1.32,1957-04-01
1957,May,0.78,1957-05-01
1957,Jun,1.72,1957-06-01
1957,Jul,1.36,1957-07-01
1957,Aug,0.67,1957-08-01
1957,Sep,2.06,1957-09-01
1957,Oct,2.76,1957-10-01
1957,Nov,3.77,1957-11-01
1957,Dec,3.1,1957-12-01
1958,Jan,4.22,1958-01-01
1958,Feb,5.23,1958-02-01
1958,Mar,4.76,1958-03-01
1958,Apr,3.99,1958-04-01
1958,May,3.57,1958-05-01
1958,Jun,3,1958-06-01
1958,Jul,2.33,1958-07-01
1958,Aug,1.34,1958-08-01
1958,Sep,2.71,1958-09-01
1958,Oct,3.45,1958-10-01
1958,Nov,2.91,1958-11-01
1958,Dec,2.81,1958-12-01
1959,Jan,2.22,1959-01-01
1959,Feb,3,1959-02-01
1959,Mar,2.26,1959-03-01
1959,Apr,2.72,1959-04-01
1959,May,2.43,1959-05-01
1959,Jun,2.53,1959-06-01
1959,Jul,2.35,1959-07-01
1959,Aug,2.75,1959-08-01
1959,Sep,2.19,1959-09-01
1959,Oct,2.81,1959-10-01
1959,Nov,2.63,1959-11-01
1959,Dec,2.56,1959-12-01
1960,Jan,2.35,1960-01-01
1960,Feb,2.51,1960-02-01
1960,Mar,2.41,1960-03-01
1960,Apr,2.18,1960-04-01
1960,May,1.57,1960-05-01
1960,Jun,2.23,1960-06-01
1960,Jul,2.23,1960-07-01
1960,Aug,3.28,1960-08-01
1960,Sep,2.44,1960-09-01
1960,Oct,4.16,1960-10-01
1960,Nov,4.2,1960-11-01
1960,Dec,5.14,1960-12-01
1961,Jan,4.95,1961-01-01
1961,Feb,5.04,1961-02-01
1961,Mar,3.98,1961-03-01
1961,Apr,3.26,1961-04-01
1961,May,1.82,1961-05-01
1961,Jun,2.61,1961-06-01
1961,Jul,3.47,1961-07-01
1961,Aug,3.26,1961-08-01
1961,Sep,3.47,1961-09-01
1961,Oct,2.88,1961-10-01
1961,Nov,3.1,1961-11-01
1961,Dec,2.37,1961-12-01
1962,Jan,1.89,1962-01-01
1962,Feb,0.55,1962-02-01
1962,Mar,-0.01,1962-03-01
1962,Apr,0.41,1962-04-01
1962,May,-0.37,1962-05-01
1962,Jun,-0.14,1962-06-01
1962,Jul,-0.94,1962-07-01
1962,Aug,-1.58,1962-08-01
1962,Sep,-1.22,1962-09-01
1962,Oct,-1.87,1962-10-01
1962,Nov,-2.04,1962-11-01
1962,Dec,-1.67,1962-12-01
1963,Jan,-1.96,1963-01-01
1963,Feb,-1.71,1963-02-01
1963,Mar,-2.34,1963-03-01
1963,Apr,-2.95,1963-04-01
1963,May,-3.53,1963-05-01
1963,Jun,-3.55,1963-06-01
1963,Jul,-3.93,1963-07-01
1963,Aug,-4.14,1963-08-01
1963,Sep,-4.28,1963-09-01
1963,Oct,-4.53,1963-10-01
1963,Nov,-3.81,1963-11-01
1963,Dec,-3.49,1963-12-01
1964,Jan,-2.96,1964-01-01
1964,Feb,-2.49,1964-02-01
1964,Mar,-2.04,1964-03-01
1964,Apr,-2.31,1964-04-01
1964,May,-2.6,1964-05-01
1964,Jun,-2.57,1964-06-01
1964,Jul,-2.78,1964-07-01
1964,Aug,-2.51,1964-08-01
1964,Sep,-1.78,1964-09-01
1964,Oct,-1.9,1964-10-01
1964,Nov,-2.08,1964-11-01
1964,Dec,-2.13,1964-12-01
1965,Jan,-1.88,1965-01-01
1965,Feb,0.33,1965-02-01
1965,Mar,0.28,1965-03-01
1965,Apr,-0.06,1965-04-01
1965,May,0.98,1965-05-01
1965,Jun,0.98,1965-06-01
1965,Jul,0.53,1965-07-01
1965,Aug,0.16,1965-08-01
1965,Sep,-0.16,1965-09-01
1965,Oct,0.14,1965-10-01
1965,Nov,0.07,1965-11-01
1965,Dec,0.96,1965-12-01
1966,Jan,1.26,1966-01-01
1966,Feb,1.8,1966-02-01
1966,Mar,1.33,1966-03-01
1966,Apr,1.82,1966-04-01
1966,May,2.2,1966-05-01
1966,Jun,2.18,1966-06-01
1966,Jul,1.91,1966-07-01
1966,Aug,2.53,1966-08-01
1966,Sep,2.22,1966-09-01
1966,Oct,1.55,1966-10-01
1966,Nov,-0.55,1966-11-01
1966,Dec,-1.73,1966-12-01
1967,Jan,-2.04,1967-01-01
1967,Feb,-2.3,1967-02-01
1967,Mar,-2.78,1967-03-01
1967,Apr,-3.46,1967-04-01
1967,May,-3.45,1967-05-01
1967,Jun,-4.28,1967-06-01
1967,Jul,-4.24,1967-07-01
1967,Aug,-3.44,1967-08-01
1967,Sep,0.92,1967-09-01
1967,Oct,1.81,1967-10-01
1967,Nov,2.4,1967-11-01
1967,Dec,2.26,1967-12-01
1968,Jan,4.31,1968-01-01
1968,Feb,4.23,1968-02-01
1968,Mar,3.95,1968-03-01
1968,Apr,3.63,1968-04-01
1968,May,4.01,1968-05-01
1968,Jun,4.99,1968-06-01
1968,Jul,5.12,1968-07-01
1968,Aug,4.69,1968-08-01
1968,Sep,4.85,1968-09-01
1968,Oct,4.09,1968-10-01
1968,Nov,4.03,1968-11-01
1968,Dec,3.66,1968-12-01
1969,Jan,3.03,1969-01-01
1969,Feb,3.55,1969-02-01
1969,Mar,3.8,1969-03-01
1969,Apr,4.08,1969-04-01
1969,May,4.04,1969-05-01
1969,Jun,3.63,1969-06-01
1969,Jul,2.9,1969-07-01
1969,Aug,2.87,1969-08-01
1969,Sep,2.36,1969-09-01
1969,Oct,2.51,1969-10-01
1969,Nov,2.44,1969-11-01
1969,Dec,2.33,1969-12-01
1970,Jan,2.2,1970-01-01
1970,Feb,2.26,1970-02-01
1970,Mar,2.77,1970-03-01
1970,Apr,2.21,1970-04-01
1970,May,3.22,1970-05-01
1970,Jun,3,1970-06-01
1970,Jul,2.69,1970-07-01
1970,Aug,2.37,1970-08-01
1970,Sep,2.68,1970-09-01
1970,Oct,2.55,1970-10-01
1970,Nov,1.51,1970-11-01
1970,Dec,-0.13,1970-12-01
1971,Jan,-1.47,1971-01-01
1971,Feb,-1.96,1971-02-01
1971,Mar,-2.97,1971-03-01
1971,Apr,-3.19,1971-04-01
1971,May,-3.61,1971-05-01
1971,Jun,-3.72,1971-06-01
1971,Jul,-4.19,1971-07-01
1971,Aug,-2.08,1971-08-01
1971,Sep,0.53,1971-09-01
1971,Oct,1.53,1971-10-01
1971,Nov,1.28,1971-11-01
1971,Dec,1.84,1971-12-01
1972,Jan,1.96,1972-01-01
1972,Feb,1.43,1972-02-01
1972,Mar,0.86,1972-03-01
1972,Apr,-0.07,1972-04-01
1972,May,2.01,1972-05-01
1972,Jun,2.26,1972-06-01
1972,Jul,2.68,1972-07-01
1972,Aug,3.3,1972-08-01
1972,Sep,3,1972-09-01
1972,Oct,2.63,1972-10-01
1972,Nov,2.69,1972-11-01
1972,Dec,2.02,1972-12-01
1973,Jan,2.33,1973-01-01
1973,Feb,2.59,1973-02-01
1973,Mar,2.48,1973-03-01
1973,Apr,3.25,1973-04-01
1973,May,2.61,1973-05-01
1973,Jun,4.28,1973-06-01
1973,Jul,4.73,1973-07-01
1973,Aug,5.08,1973-08-01
1973,Sep,5.63,1973-09-01
1973,Oct,6.54,1973-10-01
1973,Nov,5.52,1973-11-01
1973,Dec,4.61,1973-12-01
1974,Jan,4.7,1974-01-01
1974,Feb,3.73,1974-02-01
1974,Mar,3.08,1974-03-01
1974,Apr,2.3,1974-04-01
1974,May,2.57,1974-05-01
1974,Jun,2.18,1974-06-01
1974,Jul,1.39,1974-07-01
1974,Aug,3.14,1974-08-01
1974,Sep,3.6,1974-09-01
1974,Oct,3.3,1974-10-01
1974,Nov,3.79,1974-11-01
1974,Dec,3.58,1974-12-01
1975,Jan,3.01,1975-01-01
1975,Feb,2.81,1975-02-01
1975,Mar,1.9,1975-03-01
1975,Apr,1.75,1975-04-01
1975,May,2.75,1975-05-01
1975,Jun,2.93,1975-06-01
1975,Jul,3.09,1975-07-01
1975,Aug,3.33,1975-08-01
1975,Sep,2.98,1975-09-01
1975,Oct,2.6,1975-10-01
1975,Nov,1.81,1975-11-01
1975,Dec,1.6,1975-12-01
1976,Jan,0.77,1976-01-01
1976,Feb,-1.12,1976-02-01
1976,Mar,-1.69,1976-03-01
1976,Apr,0.43,1976-04-01
1976,May,1.48,1976-05-01
1976,Jun,1.38,1976-06-01
1976,Jul,2.54,1976-07-01
1976,Aug,2.51,1976-08-01
1976,Sep,2.73,1976-09-01
1976,Oct,3.9,1976-10-01
1976,Nov,4.18,1976-11-01
1976,Dec,4.98,1976-12-01
1977,Jan,5.1,1977-01-01
1977,Feb,4.69,1977-02-01
1977,Mar,4.02,1977-03-01
1977,Apr,5.06,1977-04-01
1977,May,4.49,1977-05-01
1977,Jun,4.32,1977-06-01
1977,Jul,3.57,1977-07-01
1977,Aug,2.75,1977-08-01
1977,Sep,1.76,1977-09-01
1977,Oct,1.16,1977-10-01
1977,Nov,1.4,1977-11-01
1977,Dec,0.19,1977-12-01
1978,Jan,0.1,1978-01-01
1978,Feb,0.34,1978-02-01
1978,Mar,-0.18,1978-03-01
1978,Apr,-0.77,1978-04-01
1978,May,-1.71,1978-05-01
1978,Jun,-1.42,1978-06-01
1978,Jul,-1.72,1978-07-01
1978,Aug,-1.12,1978-08-01
1978,Sep,1.19,1978-09-01
1978,Oct,0.51,1978-10-01
1978,Nov,1.41,1978-11-01
1978,Dec,1.32,1978-12-01
1979,Jan,2.45,1979-01-01
1979,Feb,2.58,1979-02-01
1979,Mar,2.88,1979-03-01
1979,Apr,3.42,1979-04-01
1979,May,3.57,1979-05-01
1979,Jun,3.65,1979-06-01
1979,Jul,4.52,1979-07-01
1979,Aug,4.62,1979-08-01
1979,Sep,4.84,1979-09-01
1979,Oct,3.71,1979-10-01
1979,Nov,3.11,1979-11-01
1979,Dec,2.89,1979-12-01
1980,Jan,2.82,1980-01-01
1980,Feb,2.35,1980-02-01
1980,Mar,2.13,1980-03-01
1980,Apr,1.26,1980-04-01
1980,May,1.76,1980-05-01
1980,Jun,0.8,1980-06-01
1980,Jul,-0.42,1980-07-01
1980,Aug,0.04,1980-08-01
1980,Sep,0.98,1980-09-01
1980,Oct,0.38,1980-10-01
1980,Nov,0.74,1980-11-01
1980,Dec,-0.21,1980-12-01
1981,Jan,-0.23,1981-01-01
1981,Feb,-0.65,1981-02-01
1981,Mar,-0.36,1981-03-01
1981,Apr,-0.69,1981-04-01
1981,May,0.28,1981-05-01
1981,Jun,2.11,1981-06-01
1981,Jul,2.54,1981-07-01
1981,Aug,3.57,1981-08-01
1981,Sep,2.96,1981-09-01
1981,Oct,3.63,1981-10-01
1981,Nov,3.16,1981-11-01
1981,Dec,2.52,1981-12-01
1982,Jan,1.77,1982-01-01
1982,Feb,2.37,1982-02-01
1982,Mar,1.45,1982-03-01
1982,Apr,0.95,1982-04-01
1982,May,1.5,1982-05-01
1982,Jun,0.93,1982-06-01
1982,Jul,-0.02,1982-07-01
1982,Aug,-0.83,1982-08-01
1982,Sep,-1.69,1982-09-01
1982,Oct,-1.58,1982-10-01
1982,Nov,-0.25,1982-11-01
1982,Dec,-0.61,1982-12-01
1983,Jan,-0.59,1983-01-01
1983,Feb,0.11,1983-02-01
1983,Mar,1.59,1983-03-01
1983,Apr,0.68,1983-04-01
1983,May,0.54,1983-05-01
1983,Jun,0.63,1983-06-01
1983,Jul,1.61,1983-07-01
1983,Aug,1.59,1983-08-01
1983,Sep,1.76,1983-09-01
1983,Oct,1.73,1983-10-01
1983,Nov,1.52,1983-11-01
1983,Dec,0.89,1983-12-01
1984,Jan,1.34,1984-01-01
1984,Feb,0.83,1984-02-01
1984,Mar,0.45,1984-03-01
1984,Apr,-0.69,1984-04-01
1984,May,-1.18,1984-05-01
1984,Jun,-1.94,1984-06-01
1984,Jul,-2.34,1984-07-01
1984,Aug,-2.66,1984-08-01
1984,Sep,-2.85,1984-09-01
1984,Oct,-1,1984-10-01
1984,Nov,-1,1984-11-01
1984,Dec,-0.53,1984-12-01
1985,Jan,0.06,1985-01-01
1985,Feb,0.74,1985-02-01
1985,Mar,1.52,1985-03-01
1985,Apr,2.16,1985-04-01
1985,May,1.66,1985-05-01
1985,Jun,1.99,1985-06-01
1985,Jul,1.93,1985-07-01
1985,Aug,1.01,1985-08-01
1985,Sep,1.25,1985-09-01
1985,Oct,1.05,1985-10-01
1985,Nov,1.4,1985-11-01
1985,Dec,0.96,1985-12-01
1986,Jan,0.45,1986-01-01
1986,Feb,-0.11,1986-02-01
1986,Mar,-0.9,1986-03-01
1986,Apr,-1.96,1986-04-01
1986,May,-1.37,1986-05-01
1986,Jun,-0.77,1986-06-01
1986,Jul,-1.37,1986-07-01
1986,Aug,-1.59,1986-08-01
1986,Sep,-1.43,1986-09-01
1986,Oct,-0.05,1986-10-01
1986,Nov,0.42,1986-11-01
1986,Dec,2.37,1986-12-01
1987,Jan,2.28,1987-01-01
1987,Feb,3.17,1987-02-01
1987,Mar,2.67,1987-03-01
1987,Apr,1.83,1987-04-01
1987,May,2.25,1987-05-01
1987,Jun,3.9,1987-06-01
1987,Jul,4.08,1987-07-01
1987,Aug,3.75,1987-08-01
1987,Sep,3.1,1987-09-01
1987,Oct,1.94,1987-10-01
1987,Nov,2.05,1987-11-01
1987,Dec,1.75,1987-12-01
1988,Jan,0.97,1988-01-01
1988,Feb,0.02,1988-02-01
1988,Mar,-0.19,1988-03-01
1988,Apr,-1.02,1988-04-01
1988,May,-1.52,1988-05-01
1988,Jun,-1.82,1988-06-01
1988,Jul,-1.6,1988-07-01
1988,Aug,-2.03,1988-08-01
1988,Sep,-2.21,1988-09-01
1988,Oct,-2.72,1988-10-01
1988,Nov,-3.47,1988-11-01
1988,Dec,-3.74,1988-12-01
1989,Jan,-2.88,1989-01-01
1989,Feb,-2.98,1989-02-01
1989,Mar,-2.83,1989-03-01
1989,Apr,-2.81,1989-04-01
1989,May,-3.2,1989-05-01
1989,Jun,-2.83,1989-06-01
1989,Jul,-3.1,1989-07-01
1989,Aug,-3.33,1989-08-01
1989,Sep,-3.67,1989-09-01
1989,Oct,-3.51,1989-10-01
1989,Nov,-3.46,1989-11-01
1989,Dec,-3.58,1989-12-01
1990,Jan,-3.7,1990-01-01
1990,Feb,-3.45,1990-02-01
1990,Mar,-2.42,1990-03-01
1990,Apr,-1.81,1990-04-01
1990,May,-2.04,1990-05-01
1990,Jun,-2.92,1990-06-01
1990,Jul,-1.55,1990-07-01
1990,Aug,-1.79,1990-08-01
1990,Sep,-1.82,1990-09-01
1990,Oct,-1.93,1990-10-01
1990,Nov,-2.07,1990-11-01
1990,Dec,-2.64,1990-12-01
1991,Jan,-1.17,1991-01-01
1991,Feb,-0.62,1991-02-01
1991,Mar,-0.71,1991-03-01
1991,Apr,0.7,1991-04-01
1991,May,0.44,1991-05-01
1991,Jun,1.15,1991-06-01
1991,Jul,1.22,1991-07-01
1991,Aug,0.91,1991-08-01
1991,Sep,1.4,1991-09-01
1991,Oct,0.83,1991-10-01
1991,Nov,0.38,1991-11-01
1991,Dec,3.39,1991-12-01
1992,Jan,4.43,1992-01-01
1992,Feb,5.95,1992-02-01
1992,Mar,6.12,1992-03-01
1992,Apr,6.37,1992-04-01
1992,May,7.01,1992-05-01
1992,Jun,6.84,1992-06-01
1992,Jul,6.6,1992-07-01
1992,Aug,6.04,1992-08-01
1992,Sep,4.9,1992-09-01
1992,Oct,3.8,1992-10-01
1992,Nov,4.37,1992-11-01
1992,Dec,3.97,1992-12-01
1993,Jan,3.76,1993-01-01
1993,Feb,3.83,1993-02-01
1993,Mar,4.22,1993-03-01
1993,Apr,4.01,1993-04-01
1993,May,4.79,1993-05-01
1993,Jun,5.61,1993-06-01
1993,Jul,4.96,1993-07-01
1993,Aug,3.88,1993-08-01
1993,Sep,2.8,1993-09-01
1993,Oct,2.46,1993-10-01
1993,Nov,1.89,1993-11-01
1993,Dec,1.18,1993-12-01
1994,Jan,0.56,1994-01-01
1994,Feb,-0.46,1994-02-01
1994,Mar,0.06,1994-03-01
1994,Apr,-0.01,1994-04-01
1994,May,0.78,1994-05-01
1994,Jun,0.74,1994-06-01
1994,Jul,-0.25,1994-07-01
1994,Aug,-0.16,1994-08-01
1994,Sep,-0.19,1994-09-01
1994,Oct,1.52,1994-10-01
1994,Nov,0.75,1994-11-01
1994,Dec,1.54,1994-12-01
1995,Jan,1.16,1995-01-01
1995,Feb,0.75,1995-02-01
1995,Mar,1.27,1995-03-01
1995,Apr,1.2,1995-04-01
1995,May,1.68,1995-05-01
1995,Jun,1.77,1995-06-01
1995,Jul,1.37,1995-07-01
1995,Aug,1.38,1995-08-01
1995,Sep,0.89,1995-09-01
1995,Oct,0.13,1995-10-01
1995,Nov,-0.15,1995-11-01
1995,Dec,-0.44,1995-12-01
1996,Jan,-1.33,1996-01-01
1996,Feb,-2.11,1996-02-01
1996,Mar,-2.23,1996-03-01
1996,Apr,-2.64,1996-04-01
1996,May,-3.67,1996-05-01
1996,Jun,-3.43,1996-06-01
1996,Jul,-3.94,1996-07-01
1996,Aug,-2.75,1996-08-01
1996,Sep,-2.29,1996-09-01
1996,Oct,-2.63,1996-10-01
1996,Nov,-2.53,1996-11-01
1996,Dec,-2.55,1996-12-01
1997,Jan,-2.35,1997-01-01
1997,Feb,-1.84,1997-02-01
1997,Mar,0.21,1997-03-01
1997,Apr,2.13,1997-04-01
1997,May,2.88,1997-05-01
1997,Jun,4.05,1997-06-01
1997,Jul,3.64,1997-07-01
1997,Aug,2.91,1997-08-01
1997,Sep,2.44,1997-09-01
1997,Oct,3.33,1997-10-01
1997,Nov,3.37,1997-11-01
1997,Dec,3.25,1997-12-01
1998,Jan,2.92,1998-01-01
1998,Feb,3.7,1998-02-01
1998,Mar,3.66,1998-03-01
1998,Apr,2.83,1998-04-01
1998,May,1.43,1998-05-01
1998,Jun,-0.31,1998-06-01
1998,Jul,-2.49,1998-07-01
1998,Aug,-0.97,1998-08-01
1998,Sep,0.24,1998-09-01
1998,Oct,3.54,1998-10-01
1998,Nov,4.5,1998-11-01
1998,Dec,4.09,1998-12-01
1999,Jan,3.38,1999-01-01
1999,Feb,2.35,1999-02-01
1999,Mar,2.66,1999-03-01
1999,Apr,1.87,1999-04-01
1999,May,1.57,1999-05-01
1999,Jun,1.91,1999-06-01
1999,Jul,1.91,1999-07-01
1999,Aug,1.27,1999-08-01
1999,Sep,0.12,1999-09-01
1999,Oct,-0.9,1999-10-01
1999,Nov,-2.24,1999-11-01
1999,Dec,-2.75,1999-12-01
2000,Jan,-2.66,2000-01-01
2000,Feb,-2.98,2000-02-01
2000,Mar,-2.83,2000-03-01
2000,Apr,-2.92,2000-04-01
2000,May,-2.55,2000-05-01
2000,Jun,-2.12,2000-06-01
2000,Jul,-2.73,2000-07-01
2000,Aug,-3.19,2000-08-01
2000,Sep,-3.59,2000-09-01
2000,Oct,-2.8,2000-10-01
2000,Nov,0.79,2000-11-01
2000,Dec,1.27,2000-12-01
2001,Jan,2.27,2001-01-01
2001,Feb,1.68,2001-02-01
2001,Mar,2.48,2001-03-01
2001,Apr,1.7,2001-04-01
2001,May,1.32,2001-05-01
2001,Jun,0.65,2001-06-01
2001,Jul,-0.69,2001-07-01
2001,Aug,1.5,2001-08-01
2001,Sep,1.87,2001-09-01
2001,Oct,1.63,2001-10-01
2001,Nov,2.34,2001-11-01
2001,Dec,2.66,2001-12-01
2002,Jan,2.05,2002-01-01
2002,Feb,1.44,2002-02-01
2002,Mar,0.78,2002-03-01
2002,Apr,0.25,2002-04-01
2002,May,-0.79,2002-05-01
2002,Jun,-0.53,2002-06-01
2002,Jul,2.34,2002-07-01
2002,Aug,2.73,2002-08-01
2002,Sep,3.62,2002-09-01
2002,Oct,5.05,2002-10-01
2002,Nov,5.55,2002-11-01
2002,Dec,6.18,2002-12-01
2003,Jan,5.76,2003-01-01
2003,Feb,5.78,2003-02-01
2003,Mar,5.25,2003-03-01
2003,Apr,4.07,2003-04-01
2003,May,2.61,2003-05-01
2003,Jun,2.42,2003-06-01
2003,Jul,3.15,2003-07-01
2003,Aug,2.92,2003-08-01
2003,Sep,3.75,2003-09-01
2003,Oct,3.44,2003-10-01
2003,Nov,2.84,2003-11-01
2003,Dec,2.03,2003-12-01
2004,Jan,2.23,2004-01-01
2004,Feb,2.37,2004-02-01
2004,Mar,2.05,2004-03-01
2004,Apr,3.28,2004-04-01
2004,May,3.43,2004-05-01
2004,Jun,4.84,2004-06-01
2004,Jul,4.93,2004-07-01
2004,Aug,4.94,2004-08-01
2004,Sep,4.12,2004-09-01
2004,Oct,4.13,2004-10-01
2004,Nov,6.07,2004-11-01
2004,Dec,5.16,2004-12-01
2005,Jan,4.87,2005-01-01
2005,Feb,5.04,2005-02-01
2005,Mar,5.33,2005-03-01
2005,Apr,4.35,2005-04-01
2005,May,4.14,2005-05-01
2005,Jun,3.32,2005-06-01
2005,Jul,3.2,2005-07-01
2005,Aug,2.6,2005-08-01
2005,Sep,1.42,2005-09-01
2005,Oct,0.83,2005-10-01
2005,Nov,-0.22,2005-11-01
2005,Dec,-1.43,2005-12-01
2006,Jan,-2.28,2006-01-01
2006,Feb,-2.76,2006-02-01
2006,Mar,-3.14,2006-03-01
2006,Apr,-3.96,2006-04-01
2006,May,-4.06,2006-05-01
2006,Jun,-3.91,2006-06-01
2006,Jul,-3.23,2006-07-01
2006,Aug,-3.52,2006-08-01
2006,Sep,-2.79,2006-09-01
2006,Oct,-2.38,2006-10-01
2006,Nov,-2.84,2006-11-01
2006,Dec,-2.44,2006-12-01
2007,Jan,-0.41,2007-01-01
2007,Feb,-0.86,2007-02-01
2007,Mar,2.47,2007-03-01
2007,Apr,2.79,2007-04-01
2007,May,3.48,2007-05-01
2007,Jun,3.83,2007-06-01
2007,Jul,6.54,2007-07-01
2007,Aug,7.61,2007-08-01
2007,Sep,6.98,2007-09-01
2007,Oct,6.08,2007-10-01
2007,Nov,5.33,2007-11-01
2007,Dec,4.23,2007-12-01
2008,Jan,3.85,2008-01-01
2008,Feb,2.97,2008-02-01
2008,Mar,2.62,2008-03-01
2008,Apr,1.87,2008-04-01
2008,May,0.04,2008-05-01
2008,Jun,-1.83,2008-06-01
2008,Jul,-1.81,2008-07-01
2008,Aug,-1.18,2008-08-01
2008,Sep,-1.9,2008-09-01
2008,Oct,-2.42,2008-10-01
2008,Nov,-2.89,2008-11-01
2008,Dec,-3.41,2008-12-01
2009,Jan,-3.92,2009-01-01
2009,Feb,-4.55,2009-02-01
2009,Mar,-4.27,2009-03-01
2009,Apr,-3.74,2009-04-01
2009,May,-3.98,2009-05-01
2009,Jun,-4.72,2009-06-01
2009,Jul,-5.12,2009-07-01
2009,Aug,-5.3,2009-08-01
2009,Sep,-4.3,2009-09-01
2009,Oct,-2.43,2009-10-01
2009,Nov,-0.92,2009-11-01
2009,Dec,0.88,2009-12-01
2010,Jan,2.84,2010-01-01
2010,Feb,3.85,2010-02-01
2010,Mar,3.85,2010-03-01
2010,Apr,3.54,2010-04-01
2010,May,3.32,2010-05-01
2010,Jun,3.12,2010-06-01
2010,Jul,4.1,2010-07-01
2010,Aug,3.48,2010-08-01
2010,Sep,4.59,2010-09-01
2010,Oct,3.49,2010-10-01
2010,Nov,2.81,2010-11-01
2010,Dec,2.02,2010-12-01
2011,Jan,2.25,2011-01-01
2011,Feb,1.31,2011-02-01
2011,Mar,-0.09,2011-03-01
2011,Apr,-1.77,2011-04-01
2011,May,-2.67,2011-05-01
2011,Jun,-3.42,2011-06-01
2011,Jul,-4.2,2011-07-01
2011,Aug,-4.8,2011-08-01
2011,Sep,-5.05,2011-09-01
2011,Oct,-4.81,2011-10-01
2011,Nov,-4.82,2011-11-01
2011,Dec,-4.21,2011-12-01
2012,Jan,-3.69,2012-01-01
2012,Feb,-2.86,2012-02-01
2012,Mar,-1.61,2012-03-01
2012,Apr,-1.91,2012-04-01
2012,May,-1.59,2012-05-01
2012,Jun,-2,2012-06-01
2012,Jul,-1.15,2012-07-01
2012,Aug,-1.33,2012-08-01
2012,Sep,-0.45,2012-09-01
2012,Oct,-1.01,2012-10-01
2012,Nov,-1.86,2012-11-01
2012,Dec,-2.64,2012-12-01
2013,Jan,-2.26,2013-01-01
2013,Feb,-2.45,2013-02-01
2013,Mar,-2.79,2013-03-01
2013,Apr,-2.25,2013-04-01
2013,May,-2.1,2013-05-01
2013,Jun,-2.39,2013-06-01
2013,Jul,-2.35,2013-07-01
2013,Aug,-2.32,2013-08-01
2013,Sep,-1.7,2013-09-01
2013,Oct,-1.06,2013-10-01
2013,Nov,-0.85,2013-11-01
2013,Dec,-1.28,2013-12-01
2014,Jan,-1.61,2014-01-01
2014,Feb,-2.01,2014-02-01
2014,Mar,-1.64,2014-03-01
2014,Apr,-2.23,2014-04-01
2014,May,-1.09,2014-05-01
2014,Jun,-0.88,2014-06-01
2014,Jul,-1.05,2014-07-01
2014,Aug,-1.48,2014-08-01
2014,Sep,-1.18,2014-09-01
2014,Oct,-1.77,2014-10-01
2014,Nov,-0.68,2014-11-01
2014,Dec,-0.73,2014-12-01
2015,Jan,0.09,2015-01-01
2015,Feb,-0.22,2015-02-01
2015,Mar,2.3,2015-03-01
2015,Apr,3.2,2015-04-01
2015,May,4.95,2015-05-01
2015,Jun,5.46,2015-06-01
2015,Jul,4.95,2015-07-01
2015,Aug,4.29,2015-08-01
2015,Sep,3.5,2015-09-01
2015,Oct,4.1,2015-10-01
2015,Nov,3.95,2015-11-01
2015,Dec,3.48,2015-12-01
2016,Jan,3.2,2016-01-01
2016,Feb,2.74,2016-02-01
2016,Mar,3.04,2016-03-01
2016,Apr,3.35,2016-04-01
2016,May,4.21,2016-05-01
2016,Jun,4.33,2016-06-01
2016,Jul,4,2016-07-01
2016,Aug,5.36,2016-08-01
2016,Sep,4.85,2016-09-01
2016,Oct,3.48,2016-10-01
2016,Nov,2.97,2016-11-01
2016,Dec,3.22,2016-12-01
2017,Jan,2.94,2017-01-01
2017,Feb,2.86,2017-02-01
2017,Mar,2.96,2017-03-01
2017,Apr,2.59,2017-04-01
2017,May,2.07,2017-05-01
2017,Jun,2.01,2017-06-01
2017,Jul,1.2,2017-07-01
2017,Aug,3.83,2017-08-01
2017,Sep,3.58,2017-09-01
2017,Oct,2.61,2017-10-01
2017,Nov,1.5,2017-11-01
2017,Dec,1.77,2017-12-01
2018,Jan,1.29,2018-01-01
2018,Feb,1,2018-02-01
2018,Mar,0.99,2018-03-01
2018,Apr,0.39,2018-04-01
2018,May,-0.54,2018-05-01
2018,Jun,-0.41,2018-06-01
2018,Jul,-0.54,2018-07-01
2018,Aug,-0.99,2018-08-01
2018,Sep,1.73,2018-09-01
2018,Oct,3.11,2018-10-01
2018,Nov,3.32,2018-11-01
2018,Dec,3.97,2018-12-01
2019,Jan,3.92,2019-01-01
2019,Feb,3.41,2019-02-01
2019,Mar,2.75,2019-03-01
2019,Apr,2.89,2019-04-01
2019,May,2.95,2019-05-01
2019,Jun,3.45,2019-06-01
2019,Jul,3.15,2019-07-01
2019,Aug,2.42,2019-08-01
2019,Sep,1.36,2019-09-01
2019,Oct,1.13,2019-10-01
2019,Nov,0.47,2019-11-01
2019,Dec,-0.79,2019-12-01
2020,Jan,-1.2,2020-01-01
2020,Feb,-1.49,2020-02-01
2020,Mar,-1.87,2020-03-01
2020,Apr,-2.16,2020-04-01
2020,May,1.36,2020-05-01
2020,Jun,2.38,2020-06-01
2020,Jul,4.15,2020-07-01
2020,Aug,4.68,2020-08-01
2020,Sep,4.22,2020-09-01
2020,Oct,4.54,2020-10-01
2020,Nov,4.27,2020-11-01
2020,Dec,3.05,2020-12-01
2021,Jan,2.29,2021-01-01
2021,Feb,2.18,2021-02-01
2021,Mar,1.66,2021-03-01
2021,Apr,0.59,2021-04-01
2021,May,-0.83,2021-05-01
2021,Jun,-1.99,2021-06-01
2021,Jul,-3.12,2021-07-01
2021,Aug,-2.19,2021-08-01
2021,Sep,-2.52,2021-09-01
2021,Oct,-2.82,2021-10-01
2021,Nov,-1.72,2021-11-01
2021,Dec,-1.87,2021-12-01
2022,Jan,-1.81,2022-01-01
2022,Feb,-2.13,2022-02-01
2022,Mar,-2.5,2022-03-01
2022,Apr,-0.96,2022-04-01
2022,May,-3.39,2022-05-01
2022,Jun,-3.95,2022-06-01
2022,Jul,-4.46,2022-07-01
2022,Aug,-2.14,2022-08-01
2022,Sep,-3.02,2022-09-01
2022,Oct,-2.68,2022-10-01
2022,Nov,-2.38,2022-11-01
2022,Dec,-2.73,2022-12-01
2023,Jan,-2.71,2023-01-01
2023,Feb,-2.95,2023-02-01
2023,Mar,-3.22,2023-03-01
2023,Apr,-1.93,2023-04-01
2023,May,0,2023-05-01
2023,Jun,-0.46,2023-06-01
2023,Jul,-1.26,2023-07-01
2023,Aug,-2.7,2023-08-01
2023,Sep,-3.48,2023-09-01
2023,Oct,-3.08,2023-10-01
2023,Nov,-2.75,2023-11-01
2023,Dec,-3.02,2023-12-01
2024,Jan,-0.74,2024-01-01
2024,Feb,-0.47,2024-02-01
2024,Mar,-0.33,2024-03-01
