period,None,D0,D1,D2,D3,D4
2000-01-04,0.00,100.00,100.00,0.00,0.00,0.00
2000-01-11,0.00,100.00,100.00,0.00,0.00,0.00
2000-01-18,0.00,100.00,100.00,0.00,0.00,0.00
2000-01-25,0.00,100.00,100.00,0.00,0.00,0.00
2000-02-01,0.00,100.00,100.00,0.00,0.00,0.00
2000-02-08,0.00,100.00,100.00,0.00,0.00,0.00
2000-02-15,0.00,100.00,100.00,0.00,0.00,0.00
2000-02-22,0.00,100.00,100.00,0.00,0.00,0.00
2000-02-29,0.00,100.00,100.00,100.00,0.00,0.00
2000-03-07,0.00,100.00,100.00,100.00,0.00,0.00
2000-03-14,0.00,100.00,100.00,100.00,0.00,0.00
2000-03-21,0.00,100.00,100.00,0.00,0.00,0.00
2000-03-28,0.00,100.00,100.00,0.00,0.00,0.00
2000-04-04,0.00,100.00,100.00,23.14,0.00,0.00
2000-04-11,0.00,100.00,100.00,23.14,0.00,0.00
2000-04-18,0.00,100.00,100.00,63.08,0.00,0.00
2000-04-25,0.00,100.00,100.00,63.08,0.00,0.00
2000-05-02,0.00,100.00,100.00,0.00,0.00,0.00
2000-05-09,0.00,100.00,100.00,0.00,0.00,0.00
2000-05-16,0.00,100.00,100.00,0.00,0.00,0.00
2000-05-23,100.00,0.00,0.00,0.00,0.00,0.00
2000-05-30,100.00,0.00,0.00,0.00,0.00,0.00
2000-06-06,100.00,0.00,0.00,0.00,0.00,0.00
2000-06-13,100.00,0.00,0.00,0.00,0.00,0.00
2000-06-20,100.00,0.00,0.00,0.00,0.00,0.00
2000-06-27,100.00,0.00,0.00,0.00,0.00,0.00
2000-07-04,0.00,100.00,0.00,0.00,0.00,0.00
2000-07-11,0.00,100.00,0.00,0.00,0.00,0.00
2000-07-18,0.00,100.00,100.00,0.00,0.00,0.00
2000-07-25,0.00,100.00,100.00,0.00,0.00,0.00
2000-08-01,0.00,100.00,100.00,100.00,0.00,0.00
2000-08-08,0.00,100.00,100.00,100.00,0.00,0.00
2000-08-15,0.00,100.00,100.00,100.00,0.00,0.00
2000-08-22,0.00,100.00,100.00,100.00,0.00,0.00
2000-08-29,0.00,100.00,100.00,100.00,0.00,0.00
2000-09-05,0.00,100.00,100.00,100.00,0.00,0.00
2000-09-12,0.00,100.00,100.00,100.00,0.00,0.00
2000-09-19,0.00,100.00,100.00,100.00,0.00,0.00
2000-09-26,0.00,100.00,100.00,100.00,0.00,0.00
2000-10-03,0.00,100.00,100.00,100.00,0.00,0.00
2000-10-10,0.00,100.00,100.00,0.00,0.00,0.00
2000-10-17,0.00,100.00,100.00,0.00,0.00,0.00
2000-10-24,0.00,100.00,100.00,0.00,0.00,0.00
2000-10-31,0.00,100.00,100.00,0.00,0.00,0.00
2000-11-07,0.00,100.00,0.00,0.00,0.00,0.00
2000-11-14,0.00,100.00,0.67,0.00,0.00,0.00
2000-11-21,0.00,100.00,0.00,0.00,0.00,0.00
2000-11-28,0.00,100.00,0.00,0.00,0.00,0.00
2000-12-05,66.67,33.33,0.00,0.00,0.00,0.00
2000-12-12,66.67,33.33,0.00,0.00,0.00,0.00
2000-12-19,66.67,33.33,0.00,0.00,0.00,0.00
2000-12-26,66.67,33.33,0.00,0.00,0.00,0.00
2001-01-02,66.67,33.33,0.00,0.00,0.00,0.00
2001-01-09,66.67,33.33,0.00,0.00,0.00,0.00
2001-01-16,66.67,33.33,0.00,0.00,0.00,0.00
2001-01-23,100.00,0.00,0.00,0.00,0.00,0.00
2001-01-30,100.00,0.00,0.00,0.00,0.00,0.00
2001-02-06,100.00,0.00,0.00,0.00,0.00,0.00
2001-02-13,100.00,0.00,0.00,0.00,0.00,0.00
2001-02-20,100.00,0.00,0.00,0.00,0.00,0.00
2001-02-27,99.40,0.60,0.00,0.00,0.00,0.00
2001-03-06,92.28,7.72,0.00,0.00,0.00,0.00
2001-03-13,92.28,7.72,0.00,0.00,0.00,0.00
2001-03-20,92.28,7.72,0.00,0.00,0.00,0.00
2001-03-27,92.28,7.72,0.00,0.00,0.00,0.00
2001-04-03,100.00,0.00,0.00,0.00,0.00,0.00
2001-04-10,100.00,0.00,0.00,0.00,0.00,0.00
2001-04-17,98.73,1.27,0.00,0.00,0.00,0.00
2001-04-24,98.73,1.27,0.00,0.00,0.00,0.00
2001-05-01,100.00,0.00,0.00,0.00,0.00,0.00
2001-05-08,100.00,0.00,0.00,0.00,0.00,0.00
2001-05-15,100.00,0.00,0.00,0.00,0.00,0.00
2001-05-22,100.00,0.00,0.00,0.00,0.00,0.00
2001-05-29,100.00,0.00,0.00,0.00,0.00,0.00
2001-06-05,100.00,0.00,0.00,0.00,0.00,0.00
2001-06-12,100.00,0.00,0.00,0.00,0.00,0.00
2001-06-19,0.00,100.00,0.00,0.00,0.00,0.00
2001-06-26,0.00,100.00,0.00,0.00,0.00,0.00
2001-07-03,100.00,0.00,0.00,0.00,0.00,0.00
2001-07-10,100.00,0.00,0.00,0.00,0.00,0.00
2001-07-17,0.00,100.00,0.00,0.00,0.00,0.00
2001-07-24,0.00,100.00,0.00,0.00,0.00,0.00
2001-07-31,0.00,100.00,0.00,0.00,0.00,0.00
2001-08-07,0.00,100.00,0.00,0.00,0.00,0.00
2001-08-14,0.00,100.00,0.00,0.00,0.00,0.00
2001-08-21,0.00,100.00,41.64,0.00,0.00,0.00
2001-08-28,0.00,100.00,43.99,0.00,0.00,0.00
2001-09-04,100.00,0.00,0.00,0.00,0.00,0.00
2001-09-11,100.00,0.00,0.00,0.00,0.00,0.00
2001-09-18,100.00,0.00,0.00,0.00,0.00,0.00
2001-09-25,100.00,0.00,0.00,0.00,0.00,0.00
2001-10-02,100.00,0.00,0.00,0.00,0.00,0.00
2001-10-09,100.00,0.00,0.00,0.00,0.00,0.00
2001-10-16,100.00,0.00,0.00,0.00,0.00,0.00
2001-10-23,100.00,0.00,0.00,0.00,0.00,0.00
2001-10-30,100.00,0.00,0.00,0.00,0.00,0.00
2001-11-06,100.00,0.00,0.00,0.00,0.00,0.00
2001-11-13,100.00,0.00,0.00,0.00,0.00,0.00
2001-11-20,100.00,0.00,0.00,0.00,0.00,0.00
2001-11-27,100.00,0.00,0.00,0.00,0.00,0.00
2001-12-04,100.00,0.00,0.00,0.00,0.00,0.00
2001-12-11,100.00,0.00,0.00,0.00,0.00,0.00
2001-12-18,100.00,0.00,0.00,0.00,0.00,0.00
2001-12-25,100.00,0.00,0.00,0.00,0.00,0.00
2002-01-01,100.00,0.00,0.00,0.00,0.00,0.00
2002-01-08,100.00,0.00,0.00,0.00,0.00,0.00
2002-01-15,100.00,0.00,0.00,0.00,0.00,0.00
2002-01-22,100.00,0.00,0.00,0.00,0.00,0.00
2002-01-29,100.00,0.00,0.00,0.00,0.00,0.00
2002-02-05,100.00,0.00,0.00,0.00,0.00,0.00
2002-02-12,100.00,0.00,0.00,0.00,0.00,0.00
2002-02-19,100.00,0.00,0.00,0.00,0.00,0.00
2002-02-26,0.00,100.00,0.00,0.00,0.00,0.00
2002-03-05,0.00,100.00,0.00,0.00,0.00,0.00
2002-03-12,0.00,100.00,0.00,0.00,0.00,0.00
2002-03-19,0.00,100.00,0.00,0.00,0.00,0.00
2002-03-26,0.00,100.00,0.00,0.00,0.00,0.00
2002-04-02,0.00,100.00,0.00,0.00,0.00,0.00
2002-04-09,0.00,100.00,0.00,0.00,0.00,0.00
2002-04-16,0.00,100.00,0.00,0.00,0.00,0.00
2002-04-23,0.00,100.00,0.00,0.00,0.00,0.00
2002-04-30,0.00,100.00,0.00,0.00,0.00,0.00
2002-05-07,0.00,100.00,0.00,0.00,0.00,0.00
2002-05-14,0.00,100.00,100.00,0.00,0.00,0.00
2002-05-21,0.00,100.00,100.00,0.00,0.00,0.00
2002-05-28,0.00,100.00,100.00,0.00,0.00,0.00
2002-06-04,0.00,100.00,100.00,0.00,0.00,0.00
2002-06-11,0.00,100.00,100.00,0.00,0.00,0.00
2002-06-18,0.00,100.00,100.00,33.41,0.00,0.00
2002-06-25,0.00,100.00,100.00,100.00,2.64,0.00
2002-07-02,0.00,100.00,100.00,100.00,0.00,0.00
2002-07-09,0.00,100.00,100.00,10.41,0.00,0.00
2002-07-16,20.08,79.92,3.69,0.00,0.00,0.00
2002-07-23,46.07,53.93,8.40,0.00,0.00,0.00
2002-07-30,61.50,38.50,0.00,0.00,0.00,0.00
2002-08-06,75.91,24.09,0.00,0.00,0.00,0.00
2002-08-13,77.09,22.91,0.00,0.00,0.00,0.00
2002-08-20,100.00,0.00,0.00,0.00,0.00,0.00
2002-08-27,100.00,0.00,0.00,0.00,0.00,0.00
2002-09-03,100.00,0.00,0.00,0.00,0.00,0.00
2002-09-10,100.00,0.00,0.00,0.00,0.00,0.00
2002-09-17,100.00,0.00,0.00,0.00,0.00,0.00
2002-09-24,100.00,0.00,0.00,0.00,0.00,0.00
2002-10-01,100.00,0.00,0.00,0.00,0.00,0.00
2002-10-08,100.00,0.00,0.00,0.00,0.00,0.00
2002-10-15,100.00,0.00,0.00,0.00,0.00,0.00
2002-10-22,100.00,0.00,0.00,0.00,0.00,0.00
2002-10-29,100.00,0.00,0.00,0.00,0.00,0.00
2002-11-05,100.00,0.00,0.00,0.00,0.00,0.00
2002-11-12,100.00,0.00,0.00,0.00,0.00,0.00
2002-11-19,100.00,0.00,0.00,0.00,0.00,0.00
2002-11-26,100.00,0.00,0.00,0.00,0.00,0.00
2002-12-03,100.00,0.00,0.00,0.00,0.00,0.00
2002-12-10,100.00,0.00,0.00,0.00,0.00,0.00
2002-12-17,100.00,0.00,0.00,0.00,0.00,0.00
2002-12-24,100.00,0.00,0.00,0.00,0.00,0.00
2002-12-31,100.00,0.00,0.00,0.00,0.00,0.00
2003-01-07,100.00,0.00,0.00,0.00,0.00,0.00
2003-01-14,100.00,0.00,0.00,0.00,0.00,0.00
2003-01-21,100.00,0.00,0.00,0.00,0.00,0.00
2003-01-28,100.00,0.00,0.00,0.00,0.00,0.00
2003-02-04,100.00,0.00,0.00,0.00,0.00,0.00
2003-02-11,100.00,0.00,0.00,0.00,0.00,0.00
2003-02-18,100.00,0.00,0.00,0.00,0.00,0.00
2003-02-25,100.00,0.00,0.00,0.00,0.00,0.00
2003-03-04,100.00,0.00,0.00,0.00,0.00,0.00
2003-03-11,100.00,0.00,0.00,0.00,0.00,0.00
2003-03-18,100.00,0.00,0.00,0.00,0.00,0.00
2003-03-25,100.00,0.00,0.00,0.00,0.00,0.00
2003-04-01,100.00,0.00,0.00,0.00,0.00,0.00
2003-04-08,100.00,0.00,0.00,0.00,0.00,0.00
2003-04-15,100.00,0.00,0.00,0.00,0.00,0.00
2003-04-22,100.00,0.00,0.00,0.00,0.00,0.00
2003-04-29,100.00,0.00,0.00,0.00,0.00,0.00
2003-05-06,100.00,0.00,0.00,0.00,0.00,0.00
2003-05-13,100.00,0.00,0.00,0.00,0.00,0.00
2003-05-20,0.00,100.00,0.00,0.00,0.00,0.00
2003-05-27,0.00,100.00,0.00,0.00,0.00,0.00
2003-06-03,0.00,100.00,100.00,0.00,0.00,0.00
2003-06-10,0.00,100.00,100.00,0.00,0.00,0.00
2003-06-17,0.00,100.00,100.00,21.01,0.00,0.00
2003-06-24,0.00,100.00,100.00,1.22,0.00,0.00
2003-07-01,0.00,100.00,100.00,0.00,0.00,0.00
2003-07-08,0.00,100.00,0.00,0.00,0.00,0.00
2003-07-15,1.57,98.43,0.00,0.00,0.00,0.00
2003-07-22,100.00,0.00,0.00,0.00,0.00,0.00
2003-07-29,100.00,0.00,0.00,0.00,0.00,0.00
2003-08-05,100.00,0.00,0.00,0.00,0.00,0.00
2003-08-12,100.00,0.00,0.00,0.00,0.00,0.00
2003-08-19,100.00,0.00,0.00,0.00,0.00,0.00
2003-08-26,100.00,0.00,0.00,0.00,0.00,0.00
2003-09-02,100.00,0.00,0.00,0.00,0.00,0.00
2003-09-09,100.00,0.00,0.00,0.00,0.00,0.00
2003-09-16,100.00,0.00,0.00,0.00,0.00,0.00
2003-09-23,100.00,0.00,0.00,0.00,0.00,0.00
2003-09-30,100.00,0.00,0.00,0.00,0.00,0.00
2003-10-07,100.00,0.00,0.00,0.00,0.00,0.00
2003-10-14,100.00,0.00,0.00,0.00,0.00,0.00
2003-10-21,100.00,0.00,0.00,0.00,0.00,0.00
2003-10-28,100.00,0.00,0.00,0.00,0.00,0.00
2003-11-04,100.00,0.00,0.00,0.00,0.00,0.00
2003-11-11,100.00,0.00,0.00,0.00,0.00,0.00
2003-11-18,100.00,0.00,0.00,0.00,0.00,0.00
2003-11-25,100.00,0.00,0.00,0.00,0.00,0.00
2003-12-02,100.00,0.00,0.00,0.00,0.00,0.00
2003-12-09,100.00,0.00,0.00,0.00,0.00,0.00
2003-12-16,100.00,0.00,0.00,0.00,0.00,0.00
2003-12-23,100.00,0.00,0.00,0.00,0.00,0.00
2003-12-30,100.00,0.00,0.00,0.00,0.00,0.00
2004-01-06,100.00,0.00,0.00,0.00,0.00,0.00
2004-01-13,100.00,0.00,0.00,0.00,0.00,0.00
2004-01-20,100.00,0.00,0.00,0.00,0.00,0.00
2004-01-27,100.00,0.00,0.00,0.00,0.00,0.00
2004-02-03,100.00,0.00,0.00,0.00,0.00,0.00
2004-02-10,100.00,0.00,0.00,0.00,0.00,0.00
2004-02-17,100.00,0.00,0.00,0.00,0.00,0.00
2004-02-24,100.00,0.00,0.00,0.00,0.00,0.00
2004-03-02,0.00,100.00,0.00,0.00,0.00,0.00
2004-03-09,0.00,100.00,0.00,0.00,0.00,0.00
2004-03-16,0.00,100.00,0.00,0.00,0.00,0.00
2004-03-23,0.00,100.00,0.00,0.00,0.00,0.00
2004-03-30,0.00,100.00,0.00,0.00,0.00,0.00
2004-04-06,100.00,0.00,0.00,0.00,0.00,0.00
2004-04-13,100.00,0.00,0.00,0.00,0.00,0.00
2004-04-20,100.00,0.00,0.00,0.00,0.00,0.00
2004-04-27,100.00,0.00,0.00,0.00,0.00,0.00
2004-05-04,100.00,0.00,0.00,0.00,0.00,0.00
2004-05-11,100.00,0.00,0.00,0.00,0.00,0.00
2004-05-18,100.00,0.00,0.00,0.00,0.00,0.00
2004-05-25,100.00,0.00,0.00,0.00,0.00,0.00
2004-06-01,100.00,0.00,0.00,0.00,0.00,0.00
2004-06-08,100.00,0.00,0.00,0.00,0.00,0.00
2004-06-15,100.00,0.00,0.00,0.00,0.00,0.00
2004-06-22,100.00,0.00,0.00,0.00,0.00,0.00
2004-06-29,100.00,0.00,0.00,0.00,0.00,0.00
2004-07-06,100.00,0.00,0.00,0.00,0.00,0.00
2004-07-13,100.00,0.00,0.00,0.00,0.00,0.00
2004-07-20,100.00,0.00,0.00,0.00,0.00,0.00
2004-07-27,100.00,0.00,0.00,0.00,0.00,0.00
2004-08-03,100.00,0.00,0.00,0.00,0.00,0.00
2004-08-10,100.00,0.00,0.00,0.00,0.00,0.00
2004-08-17,100.00,0.00,0.00,0.00,0.00,0.00
2004-08-24,100.00,0.00,0.00,0.00,0.00,0.00
2004-08-31,100.00,0.00,0.00,0.00,0.00,0.00
2004-09-07,100.00,0.00,0.00,0.00,0.00,0.00
2004-09-14,100.00,0.00,0.00,0.00,0.00,0.00
2004-09-21,100.00,0.00,0.00,0.00,0.00,0.00
2004-09-28,100.00,0.00,0.00,0.00,0.00,0.00
2004-10-05,100.00,0.00,0.00,0.00,0.00,0.00
2004-10-12,100.00,0.00,0.00,0.00,0.00,0.00
2004-10-19,100.00,0.00,0.00,0.00,0.00,0.00
2004-10-26,100.00,0.00,0.00,0.00,0.00,0.00
2004-11-02,100.00,0.00,0.00,0.00,0.00,0.00
2004-11-09,100.00,0.00,0.00,0.00,0.00,0.00
2004-11-16,100.00,0.00,0.00,0.00,0.00,0.00
2004-11-23,100.00,0.00,0.00,0.00,0.00,0.00
2004-11-30,100.00,0.00,0.00,0.00,0.00,0.00
2004-12-07,100.00,0.00,0.00,0.00,0.00,0.00
2004-12-14,100.00,0.00,0.00,0.00,0.00,0.00
2004-12-21,100.00,0.00,0.00,0.00,0.00,0.00
2004-12-28,100.00,0.00,0.00,0.00,0.00,0.00
2005-01-04,100.00,0.00,0.00,0.00,0.00,0.00
2005-01-11,100.00,0.00,0.00,0.00,0.00,0.00
2005-01-18,100.00,0.00,0.00,0.00,0.00,0.00
2005-01-25,100.00,0.00,0.00,0.00,0.00,0.00
2005-02-01,100.00,0.00,0.00,0.00,0.00,0.00
2005-02-08,100.00,0.00,0.00,0.00,0.00,0.00
2005-02-15,100.00,0.00,0.00,0.00,0.00,0.00
2005-02-22,100.00,0.00,0.00,0.00,0.00,0.00
2005-03-01,100.00,0.00,0.00,0.00,0.00,0.00
2005-03-08,100.00,0.00,0.00,0.00,0.00,0.00
2005-03-15,100.00,0.00,0.00,0.00,0.00,0.00
2005-03-22,100.00,0.00,0.00,0.00,0.00,0.00
2005-03-29,100.00,0.00,0.00,0.00,0.00,0.00
2005-04-05,100.00,0.00,0.00,0.00,0.00,0.00
2005-04-12,100.00,0.00,0.00,0.00,0.00,0.00
2005-04-19,100.00,0.00,0.00,0.00,0.00,0.00
2005-04-26,93.76,6.24,0.00,0.00,0.00,0.00
2005-05-03,49.61,50.39,0.00,0.00,0.00,0.00
2005-05-10,100.00,0.00,0.00,0.00,0.00,0.00
2005-05-17,100.00,0.00,0.00,0.00,0.00,0.00
2005-05-24,100.00,0.00,0.00,0.00,0.00,0.00
2005-05-31,100.00,0.00,0.00,0.00,0.00,0.00
2005-06-07,100.00,0.00,0.00,0.00,0.00,0.00
2005-06-14,100.00,0.00,0.00,0.00,0.00,0.00
2005-06-21,100.00,0.00,0.00,0.00,0.00,0.00
2005-06-28,0.00,100.00,0.00,0.00,0.00,0.00
2005-07-05,0.00,100.00,100.00,0.00,0.00,0.00
2005-07-12,0.00,100.00,100.00,100.00,0.00,0.00
2005-07-19,0.00,100.00,100.00,0.00,0.00,0.00
2005-07-26,0.00,100.00,0.00,0.00,0.00,0.00
2005-08-02,0.00,100.00,0.00,0.00,0.00,0.00
2005-08-09,0.00,100.00,0.00,0.00,0.00,0.00
2005-08-16,0.00,100.00,0.00,0.00,0.00,0.00
2005-08-23,0.00,100.00,0.00,0.00,0.00,0.00
2005-08-30,0.00,100.00,0.00,0.00,0.00,0.00
2005-09-06,0.00,100.00,0.00,0.00,0.00,0.00
2005-09-13,0.00,100.00,0.00,0.00,0.00,0.00
2005-09-20,0.00,100.00,0.00,0.00,0.00,0.00
2005-09-27,0.00,100.00,0.00,0.00,0.00,0.00
2005-10-04,0.00,100.00,0.00,0.00,0.00,0.00
2005-10-11,0.00,100.00,0.00,0.00,0.00,0.00
2005-10-18,100.00,0.00,0.00,0.00,0.00,0.00
2005-10-25,100.00,0.00,0.00,0.00,0.00,0.00
2005-11-01,100.00,0.00,0.00,0.00,0.00,0.00
2005-11-08,100.00,0.00,0.00,0.00,0.00,0.00
2005-11-15,0.00,100.00,18.25,0.00,0.00,0.00
2005-11-22,0.00,100.00,18.25,0.00,0.00,0.00
2005-11-29,47.44,52.56,0.00,0.00,0.00,0.00
2005-12-06,47.44,52.56,0.00,0.00,0.00,0.00
2005-12-13,0.00,100.00,0.00,0.00,0.00,0.00
2005-12-20,0.00,100.00,0.00,0.00,0.00,0.00
2005-12-27,0.00,100.00,0.00,0.00,0.00,0.00
2006-01-03,0.00,100.00,0.00,0.00,0.00,0.00
2006-01-10,0.00,100.00,100.00,0.00,0.00,0.00
2006-01-17,0.00,100.00,100.00,0.00,0.00,0.00
2006-01-24,0.00,100.00,100.00,0.00,0.00,0.00
2006-01-31,0.00,100.00,100.00,13.32,0.00,0.00
2006-02-07,0.00,100.00,100.00,13.32,0.00,0.00
2006-02-14,0.00,100.00,100.00,100.00,0.00,0.00
2006-02-21,0.00,100.00,100.00,100.00,0.00,0.00
2006-02-28,0.00,100.00,100.00,100.00,0.00,0.00
2006-03-07,0.00,100.00,100.00,100.00,0.00,0.00
2006-03-14,0.00,100.00,100.00,100.00,100.00,0.00
2006-03-21,0.00,100.00,100.00,100.00,100.00,0.00
2006-03-28,0.00,100.00,100.00,100.00,100.00,0.00
2006-04-04,0.00,100.00,100.00,100.00,100.00,0.00
2006-04-11,0.00,100.00,100.00,100.00,100.00,0.00
2006-04-18,0.00,100.00,100.00,100.00,100.00,0.00
2006-04-25,0.00,100.00,100.00,100.00,100.00,0.00
2006-05-02,0.00,100.00,100.00,100.00,100.00,0.00
2006-05-09,0.00,100.00,100.00,100.00,100.00,100.00
2006-05-16,0.00,100.00,100.00,100.00,100.00,100.00
2006-05-23,0.00,100.00,100.00,100.00,100.00,100.00
2006-05-30,0.00,100.00,100.00,100.00,47.11,27.08
2006-06-06,0.00,100.00,100.00,61.98,33.47,0.00
2006-06-13,0.00,100.00,100.00,61.98,0.19,0.00
2006-06-20,0.00,100.00,100.00,61.98,0.19,0.00
2006-06-27,0.00,100.00,100.00,61.98,0.19,0.00
2006-07-04,99.60,0.40,0.00,0.00,0.00,0.00
2006-07-11,100.00,0.00,0.00,0.00,0.00,0.00
2006-07-18,100.00,0.00,0.00,0.00,0.00,0.00
2006-07-25,100.00,0.00,0.00,0.00,0.00,0.00
2006-08-01,100.00,0.00,0.00,0.00,0.00,0.00
2006-08-08,100.00,0.00,0.00,0.00,0.00,0.00
2006-08-15,100.00,0.00,0.00,0.00,0.00,0.00
2006-08-22,100.00,0.00,0.00,0.00,0.00,0.00
2006-08-29,100.00,0.00,0.00,0.00,0.00,0.00
2006-09-05,100.00,0.00,0.00,0.00,0.00,0.00
2006-09-12,100.00,0.00,0.00,0.00,0.00,0.00
2006-09-19,100.00,0.00,0.00,0.00,0.00,0.00
2006-09-26,100.00,0.00,0.00,0.00,0.00,0.00
2006-10-03,100.00,0.00,0.00,0.00,0.00,0.00
2006-10-10,100.00,0.00,0.00,0.00,0.00,0.00
2006-10-17,100.00,0.00,0.00,0.00,0.00,0.00
2006-10-24,100.00,0.00,0.00,0.00,0.00,0.00
2006-10-31,100.00,0.00,0.00,0.00,0.00,0.00
2006-11-07,100.00,0.00,0.00,0.00,0.00,0.00
2006-11-14,100.00,0.00,0.00,0.00,0.00,0.00
2006-11-21,100.00,0.00,0.00,0.00,0.00,0.00
2006-11-28,100.00,0.00,0.00,0.00,0.00,0.00
2006-12-05,0.00,100.00,0.00,0.00,0.00,0.00
2006-12-12,0.00,100.00,0.00,0.00,0.00,0.00
2006-12-19,0.00,100.00,0.00,0.00,0.00,0.00
2006-12-26,0.00,100.00,0.00,0.00,0.00,0.00
2007-01-02,0.00,100.00,0.00,0.00,0.00,0.00
2007-01-09,0.00,100.00,0.00,0.00,0.00,0.00
2007-01-16,0.00,100.00,0.00,0.00,0.00,0.00
2007-01-23,0.00,100.00,0.00,0.00,0.00,0.00
2007-01-30,100.00,0.00,0.00,0.00,0.00,0.00
2007-02-06,100.00,0.00,0.00,0.00,0.00,0.00
2007-02-13,100.00,0.00,0.00,0.00,0.00,0.00
2007-02-20,100.00,0.00,0.00,0.00,0.00,0.00
2007-02-27,100.00,0.00,0.00,0.00,0.00,0.00
2007-03-06,100.00,0.00,0.00,0.00,0.00,0.00
2007-03-13,100.00,0.00,0.00,0.00,0.00,0.00
2007-03-20,100.00,0.00,0.00,0.00,0.00,0.00
2007-03-27,100.00,0.00,0.00,0.00,0.00,0.00
2007-04-03,100.00,0.00,0.00,0.00,0.00,0.00
2007-04-10,100.00,0.00,0.00,0.00,0.00,0.00
2007-04-17,100.00,0.00,0.00,0.00,0.00,0.00
2007-04-24,100.00,0.00,0.00,0.00,0.00,0.00
2007-05-01,100.00,0.00,0.00,0.00,0.00,0.00
2007-05-08,100.00,0.00,0.00,0.00,0.00,0.00
2007-05-15,0.00,100.00,0.00,0.00,0.00,0.00
2007-05-22,0.00,100.00,0.00,0.00,0.00,0.00
2007-05-29,100.00,0.00,0.00,0.00,0.00,0.00
2007-06-05,100.00,0.00,0.00,0.00,0.00,0.00
2007-06-12,100.00,0.00,0.00,0.00,0.00,0.00
2007-06-19,100.00,0.00,0.00,0.00,0.00,0.00
2007-06-26,100.00,0.00,0.00,0.00,0.00,0.00
2007-07-03,100.00,0.00,0.00,0.00,0.00,0.00
2007-07-10,100.00,0.00,0.00,0.00,0.00,0.00
2007-07-17,100.00,0.00,0.00,0.00,0.00,0.00
2007-07-24,100.00,0.00,0.00,0.00,0.00,0.00
2007-07-31,100.00,0.00,0.00,0.00,0.00,0.00
2007-08-07,100.00,0.00,0.00,0.00,0.00,0.00
2007-08-14,100.00,0.00,0.00,0.00,0.00,0.00
2007-08-21,100.00,0.00,0.00,0.00,0.00,0.00
2007-08-28,100.00,0.00,0.00,0.00,0.00,0.00
2007-09-04,100.00,0.00,0.00,0.00,0.00,0.00
2007-09-11,100.00,0.00,0.00,0.00,0.00,0.00
2007-09-18,100.00,0.00,0.00,0.00,0.00,0.00
2007-09-25,100.00,0.00,0.00,0.00,0.00,0.00
2007-10-02,100.00,0.00,0.00,0.00,0.00,0.00
2007-10-09,100.00,0.00,0.00,0.00,0.00,0.00
2007-10-16,100.00,0.00,0.00,0.00,0.00,0.00
2007-10-23,100.00,0.00,0.00,0.00,0.00,0.00
2007-10-30,100.00,0.00,0.00,0.00,0.00,0.00
2007-11-06,100.00,0.00,0.00,0.00,0.00,0.00
2007-11-13,98.01,1.99,0.00,0.00,0.00,0.00
2007-11-20,98.01,1.99,0.00,0.00,0.00,0.00
2007-11-27,97.00,3.00,0.00,0.00,0.00,0.00
2007-12-04,0.00,100.00,0.00,0.00,0.00,0.00
2007-12-11,0.00,100.00,0.00,0.00,0.00,0.00
2007-12-18,0.00,100.00,0.00,0.00,0.00,0.00
2007-12-25,0.00,100.00,0.00,0.00,0.00,0.00
2008-01-01,0.00,100.00,0.00,0.00,0.00,0.00
2008-01-08,0.00,100.00,9.79,0.00,0.00,0.00
2008-01-15,0.00,100.00,74.15,0.00,0.00,0.00
2008-01-22,73.15,26.85,0.00,0.00,0.00,0.00
2008-01-29,73.15,26.85,0.00,0.00,0.00,0.00
2008-02-05,73.15,26.85,0.00,0.00,0.00,0.00
2008-02-12,0.00,100.00,32.27,0.00,0.00,0.00
2008-02-19,0.00,100.00,32.27,0.00,0.00,0.00
2008-02-26,0.00,100.00,32.27,0.00,0.00,0.00
2008-03-04,0.00,100.00,32.27,0.00,0.00,0.00
2008-03-11,100.00,0.00,0.00,0.00,0.00,0.00
2008-03-18,100.00,0.00,0.00,0.00,0.00,0.00
2008-03-25,100.00,0.00,0.00,0.00,0.00,0.00
2008-04-01,100.00,0.00,0.00,0.00,0.00,0.00
2008-04-08,0.00,100.00,0.00,0.00,0.00,0.00
2008-04-15,0.00,100.00,0.00,0.00,0.00,0.00
2008-04-22,0.00,100.00,0.00,0.00,0.00,0.00
2008-04-29,0.00,100.00,0.00,0.00,0.00,0.00
2008-05-06,0.00,100.00,0.00,0.00,0.00,0.00
2008-05-13,0.00,100.00,0.00,0.00,0.00,0.00
2008-05-20,0.00,100.00,100.00,0.00,0.00,0.00
2008-05-27,0.00,100.00,100.00,0.00,0.00,0.00
2008-06-03,0.00,100.00,100.00,100.00,0.00,0.00
2008-06-10,0.00,100.00,100.00,100.00,0.00,0.00
2008-06-17,0.00,100.00,100.00,100.00,0.00,0.00
2008-06-24,0.00,100.00,100.00,100.00,55.29,0.00
2008-07-01,0.00,100.00,100.00,100.00,100.00,0.00
2008-07-08,0.00,100.00,100.00,100.00,100.00,0.00
2008-07-15,0.00,100.00,100.00,100.00,100.00,0.00
2008-07-22,0.00,100.00,100.00,100.00,100.00,0.00
2008-07-29,0.00,100.00,100.00,100.00,74.37,0.00
2008-08-05,0.00,100.00,100.00,100.00,74.37,0.00
2008-08-12,0.00,100.00,100.00,100.00,100.00,0.00
2008-08-19,0.00,100.00,100.00,22.03,0.00,0.00
2008-08-26,0.00,100.00,58.42,0.00,0.00,0.00
2008-09-02,0.00,100.00,58.42,0.00,0.00,0.00
2008-09-09,0.00,100.00,58.42,0.00,0.00,0.00
2008-09-16,0.00,100.00,0.00,0.00,0.00,0.00
2008-09-23,0.00,100.00,65.21,0.00,0.00,0.00
2008-09-30,0.00,100.00,65.21,0.00,0.00,0.00
2008-10-07,0.00,100.00,65.21,0.00,0.00,0.00
2008-10-14,0.00,100.00,65.97,0.00,0.00,0.00
2008-10-21,0.00,100.00,66.41,0.00,0.00,0.00
2008-10-28,0.00,100.00,100.00,100.00,0.00,0.00
2008-11-04,0.00,100.00,100.00,100.00,0.00,0.00
2008-11-11,0.00,100.00,100.00,74.76,0.00,0.00
2008-11-18,0.00,100.00,100.00,74.76,0.00,0.00
2008-11-25,0.00,100.00,100.00,74.76,0.00,0.00
2008-12-02,0.00,100.00,100.00,74.76,0.00,0.00
2008-12-09,0.00,100.00,100.00,74.76,0.00,0.00
2008-12-16,0.00,100.00,100.00,74.76,0.00,0.00
2008-12-23,0.00,100.00,100.00,74.76,0.00,0.00
2008-12-30,0.00,100.00,100.00,74.76,0.00,0.00
2009-01-06,0.00,100.00,100.00,74.76,0.00,0.00
2009-01-13,0.00,100.00,100.00,74.76,44.18,0.00
2009-01-20,0.00,100.00,100.00,74.76,44.18,0.00
2009-01-27,0.00,100.00,100.00,100.00,44.18,0.00
2009-02-03,0.00,100.00,100.00,100.00,100.00,0.00
2009-02-10,0.00,100.00,100.00,100.00,100.00,0.00
2009-02-17,0.00,100.00,100.00,100.00,100.00,0.00
2009-02-24,0.00,100.00,100.00,100.00,100.00,0.00
2009-03-03,0.00,100.00,100.00,100.00,100.00,49.24
2009-03-10,0.00,100.00,100.00,100.00,100.00,49.24
2009-03-17,0.00,100.00,100.00,100.00,100.00,49.24
2009-03-24,0.00,100.00,100.00,100.00,100.00,49.24
2009-03-31,0.00,100.00,100.00,100.00,100.00,49.24
2009-04-07,0.00,100.00,100.00,100.00,100.00,49.24
2009-04-14,0.00,100.00,100.00,100.00,100.00,100.00
2009-04-21,0.00,100.00,100.00,100.00,100.00,100.00
2009-04-28,0.00,100.00,100.00,100.00,100.00,100.00
2009-05-05,0.00,100.00,100.00,100.00,100.00,100.00
2009-05-12,0.00,100.00,100.00,100.00,100.00,100.00
2009-05-19,0.00,100.00,100.00,100.00,100.00,100.00
2009-05-26,0.00,100.00,100.00,100.00,100.00,100.00
2009-06-02,0.00,100.00,100.00,100.00,100.00,65.75
2009-06-09,0.00,100.00,100.00,100.00,100.00,100.00
2009-06-16,0.00,100.00,100.00,100.00,100.00,100.00
2009-06-23,0.00,100.00,100.00,100.00,100.00,100.00
2009-06-30,0.00,100.00,100.00,100.00,100.00,100.00
2009-07-07,0.00,100.00,100.00,100.00,100.00,100.00
2009-07-14,0.00,100.00,100.00,100.00,100.00,100.00
2009-07-21,0.00,100.00,100.00,100.00,100.00,100.00
2009-07-28,0.00,100.00,100.00,100.00,100.00,100.00
2009-08-04,0.00,100.00,100.00,100.00,100.00,100.00
2009-08-11,0.00,100.00,100.00,100.00,100.00,100.00
2009-08-18,0.00,100.00,100.00,100.00,100.00,100.00
2009-08-25,0.00,100.00,100.00,100.00,100.00,100.00
2009-09-01,0.00,100.00,100.00,100.00,100.00,100.00
2009-09-08,0.00,100.00,100.00,100.00,100.00,100.00
2009-09-15,0.00,100.00,100.00,100.00,100.00,100.00
2009-09-22,0.00,100.00,100.00,100.00,100.00,100.00
2009-09-29,0.00,100.00,100.00,100.00,100.00,100.00
2009-10-06,0.00,100.00,100.00,100.00,100.00,52.41
2009-10-13,0.00,100.00,100.00,100.00,100.00,52.41
2009-10-20,0.00,100.00,100.00,100.00,100.00,52.41
2009-10-27,0.00,100.00,100.00,100.00,52.59,0.00
2009-11-03,0.00,100.00,100.00,100.00,52.59,0.00
2009-11-10,0.00,100.00,100.00,100.00,52.59,0.00
2009-11-17,0.00,100.00,100.00,100.00,52.59,0.00
2009-11-24,0.00,100.00,100.00,15.50,0.00,0.00
2009-12-01,0.00,100.00,100.00,0.78,0.00,0.00
2009-12-08,0.00,100.00,37.08,0.78,0.00,0.00
2009-12-15,0.00,100.00,6.35,0.00,0.00,0.00
2009-12-22,0.00,100.00,6.35,0.00,0.00,0.00
2009-12-29,0.00,100.00,6.35,0.00,0.00,0.00
2010-01-05,0.00,100.00,6.35,0.00,0.00,0.00
2010-01-12,0.00,100.00,6.35,0.00,0.00,0.00
2010-01-19,39.32,60.68,0.00,0.00,0.00,0.00
2010-01-26,39.32,60.68,0.00,0.00,0.00,0.00
2010-02-02,39.32,60.68,0.00,0.00,0.00,0.00
2010-02-09,100.00,0.00,0.00,0.00,0.00,0.00
2010-02-16,100.00,0.00,0.00,0.00,0.00,0.00
2010-02-23,100.00,0.00,0.00,0.00,0.00,0.00
2010-03-02,100.00,0.00,0.00,0.00,0.00,0.00
2010-03-09,100.00,0.00,0.00,0.00,0.00,0.00
2010-03-16,100.00,0.00,0.00,0.00,0.00,0.00
2010-03-23,100.00,0.00,0.00,0.00,0.00,0.00
2010-03-30,100.00,0.00,0.00,0.00,0.00,0.00
2010-04-06,100.00,0.00,0.00,0.00,0.00,0.00
2010-04-13,100.00,0.00,0.00,0.00,0.00,0.00
2010-04-20,100.00,0.00,0.00,0.00,0.00,0.00
2010-04-27,100.00,0.00,0.00,0.00,0.00,0.00
2010-05-04,100.00,0.00,0.00,0.00,0.00,0.00
2010-05-11,50.45,49.55,0.00,0.00,0.00,0.00
2010-05-18,100.00,0.00,0.00,0.00,0.00,0.00
2010-05-25,100.00,0.00,0.00,0.00,0.00,0.00
2010-06-01,100.00,0.00,0.00,0.00,0.00,0.00
2010-06-08,100.00,0.00,0.00,0.00,0.00,0.00
2010-06-15,100.00,0.00,0.00,0.00,0.00,0.00
2010-06-22,13.82,86.18,0.00,0.00,0.00,0.00
2010-06-29,13.82,86.18,0.00,0.00,0.00,0.00
2010-07-06,100.00,0.00,0.00,0.00,0.00,0.00
2010-07-13,100.00,0.00,0.00,0.00,0.00,0.00
2010-07-20,100.00,0.00,0.00,0.00,0.00,0.00
2010-07-27,100.00,0.00,0.00,0.00,0.00,0.00
2010-08-03,100.00,0.00,0.00,0.00,0.00,0.00
2010-08-10,100.00,0.00,0.00,0.00,0.00,0.00
2010-08-17,100.00,0.00,0.00,0.00,0.00,0.00
2010-08-24,100.00,0.00,0.00,0.00,0.00,0.00
2010-08-31,100.00,0.00,0.00,0.00,0.00,0.00
2010-09-07,100.00,0.00,0.00,0.00,0.00,0.00
2010-09-14,100.00,0.00,0.00,0.00,0.00,0.00
2010-09-21,100.00,0.00,0.00,0.00,0.00,0.00
2010-09-28,100.00,0.00,0.00,0.00,0.00,0.00
2010-10-05,100.00,0.00,0.00,0.00,0.00,0.00
2010-10-12,100.00,0.00,0.00,0.00,0.00,0.00
2010-10-19,100.00,0.00,0.00,0.00,0.00,0.00
2010-10-26,100.00,0.00,0.00,0.00,0.00,0.00
2010-11-02,100.00,0.00,0.00,0.00,0.00,0.00
2010-11-09,100.00,0.00,0.00,0.00,0.00,0.00
2010-11-16,100.00,0.00,0.00,0.00,0.00,0.00
2010-11-23,100.00,0.00,0.00,0.00,0.00,0.00
2010-11-30,100.00,0.00,0.00,0.00,0.00,0.00
2010-12-07,0.00,100.00,0.00,0.00,0.00,0.00
2010-12-14,0.00,100.00,0.00,0.00,0.00,0.00
2010-12-21,0.00,100.00,0.00,0.00,0.00,0.00
2010-12-28,0.00,100.00,0.00,0.00,0.00,0.00
2011-01-04,0.00,100.00,0.00,0.00,0.00,0.00
2011-01-11,100.00,0.00,0.00,0.00,0.00,0.00
2011-01-18,100.00,0.00,0.00,0.00,0.00,0.00
2011-01-25,100.00,0.00,0.00,0.00,0.00,0.00
2011-02-01,100.00,0.00,0.00,0.00,0.00,0.00
2011-02-08,100.00,0.00,0.00,0.00,0.00,0.00
2011-02-15,100.00,0.00,0.00,0.00,0.00,0.00
2011-02-22,100.00,0.00,0.00,0.00,0.00,0.00
2011-03-01,100.00,0.00,0.00,0.00,0.00,0.00
2011-03-08,100.00,0.00,0.00,0.00,0.00,0.00
2011-03-15,52.43,47.57,0.00,0.00,0.00,0.00
2011-03-22,45.13,54.87,0.00,0.00,0.00,0.00
2011-03-29,0.00,100.00,0.41,0.00,0.00,0.00
2011-04-05,0.00,100.00,0.00,0.00,0.00,0.00
2011-04-12,0.00,100.00,0.00,0.00,0.00,0.00
2011-04-19,0.00,100.00,100.00,0.00,0.00,0.00
2011-04-26,0.00,100.00,100.00,0.00,0.00,0.00
2011-05-03,0.00,100.00,100.00,0.00,0.00,0.00
2011-05-10,0.00,100.00,100.00,100.00,0.00,0.00
2011-05-17,0.00,100.00,100.00,100.00,0.00,0.00
2011-05-24,0.00,100.00,100.00,100.00,0.00,0.00
2011-05-31,0.00,100.00,100.00,100.00,0.00,0.00
2011-06-07,0.00,100.00,100.00,100.00,55.45,0.00
2011-06-14,0.00,100.00,100.00,100.00,100.00,7.44
2011-06-21,0.00,100.00,100.00,100.00,100.00,7.44
2011-06-28,0.00,100.00,100.00,100.00,100.00,7.44
2011-07-05,0.00,100.00,100.00,100.00,100.00,7.44
2011-07-12,0.00,100.00,100.00,100.00,100.00,8.12
2011-07-19,0.00,100.00,100.00,100.00,100.00,26.29
2011-07-26,0.00,100.00,100.00,100.00,100.00,100.00
2011-08-02,0.00,100.00,100.00,100.00,100.00,100.00
2011-08-09,0.00,100.00,100.00,100.00,100.00,100.00
2011-08-16,0.00,100.00,100.00,100.00,100.00,100.00
2011-08-23,0.00,100.00,100.00,100.00,100.00,100.00
2011-08-30,0.00,100.00,100.00,100.00,100.00,100.00
2011-09-06,0.00,100.00,100.00,100.00,100.00,100.00
2011-09-13,0.00,100.00,100.00,100.00,100.00,100.00
2011-09-20,0.00,100.00,100.00,100.00,100.00,100.00
2011-09-27,0.00,100.00,100.00,100.00,100.00,100.00
2011-10-04,0.00,100.00,100.00,100.00,100.00,100.00
2011-10-11,0.00,100.00,100.00,100.00,100.00,100.00
2011-10-18,0.00,100.00,100.00,100.00,100.00,100.00
2011-10-25,0.00,100.00,100.00,100.00,100.00,100.00
2011-11-01,0.00,100.00,100.00,100.00,100.00,100.00
2011-11-08,0.00,100.00,100.00,100.00,100.00,100.00
2011-11-15,0.00,100.00,100.00,100.00,100.00,100.00
2011-11-22,0.00,100.00,100.00,100.00,100.00,100.00
2011-11-29,0.00,100.00,100.00,100.00,100.00,100.00
2011-12-06,0.00,100.00,100.00,100.00,100.00,100.00
2011-12-13,0.00,100.00,100.00,100.00,100.00,100.00
2011-12-20,0.00,100.00,100.00,100.00,100.00,100.00
2011-12-27,0.00,100.00,100.00,100.00,100.00,100.00
2012-01-03,0.00,100.00,100.00,100.00,100.00,100.00
2012-01-10,0.00,100.00,100.00,100.00,100.00,100.00
2012-01-17,0.00,100.00,100.00,100.00,100.00,100.00
2012-01-24,0.00,100.00,100.00,100.00,100.00,100.00
2012-01-31,0.00,100.00,100.00,100.00,100.00,100.00
2012-02-07,0.00,100.00,100.00,100.00,100.00,100.00
2012-02-14,0.00,100.00,100.00,100.00,100.00,100.00
2012-02-21,0.00,100.00,100.00,100.00,100.00,55.38
2012-02-28,0.00,100.00,100.00,100.00,100.00,55.38
2012-03-06,0.00,100.00,100.00,100.00,100.00,55.38
2012-03-13,0.00,100.00,100.00,100.00,100.00,55.38
2012-03-20,0.00,100.00,100.00,100.00,100.00,48.09
2012-03-27,0.00,100.00,100.00,100.00,100.00,48.09
2012-04-03,0.00,100.00,100.00,100.00,100.00,48.09
2012-04-10,0.00,100.00,100.00,100.00,89.59,0.18
2012-04-17,0.00,100.00,100.00,86.27,6.23,0.00
2012-04-24,0.00,100.00,77.35,0.00,0.00,0.00
2012-05-01,0.00,100.00,0.58,0.00,0.00,0.00
2012-05-08,0.00,100.00,0.58,0.00,0.00,0.00
2012-05-15,0.00,100.00,0.00,0.00,0.00,0.00
2012-05-22,0.00,100.00,0.00,0.00,0.00,0.00
2012-05-29,0.00,100.00,0.00,0.00,0.00,0.00
2012-06-05,0.00,100.00,0.00,0.00,0.00,0.00
2012-06-12,0.00,100.00,100.00,0.00,0.00,0.00
2012-06-19,0.00,100.00,100.00,0.00,0.00,0.00
2012-06-26,0.00,100.00,100.00,0.00,0.00,0.00
2012-07-03,0.00,100.00,100.00,0.00,0.00,0.00
2012-07-10,0.00,100.00,100.00,0.00,0.00,0.00
2012-07-17,15.53,84.47,0.28,0.00,0.00,0.00
2012-07-24,16.59,83.41,0.00,0.00,0.00,0.00
2012-07-31,16.59,83.41,0.00,0.00,0.00,0.00
2012-08-07,16.59,83.41,0.00,0.00,0.00,0.00
2012-08-14,19.73,80.27,0.00,0.00,0.00,0.00
2012-08-21,19.73,80.27,0.00,0.00,0.00,0.00
2012-08-28,14.88,85.12,0.00,0.00,0.00,0.00
2012-09-04,15.25,84.75,12.89,0.00,0.00,0.00
2012-09-11,2.72,97.28,66.41,23.31,0.00,0.00
2012-09-18,0.80,99.20,69.08,24.12,0.00,0.00
2012-09-25,0.80,99.20,69.08,24.12,0.00,0.00
2012-10-02,20.68,79.32,14.24,0.00,0.00,0.00
2012-10-09,24.68,75.32,7.80,0.00,0.00,0.00
2012-10-16,29.72,70.28,9.73,0.00,0.00,0.00
2012-10-23,0.00,100.00,9.73,0.00,0.00,0.00
2012-10-30,0.00,100.00,9.73,0.00,0.00,0.00
2012-11-06,0.00,100.00,9.73,0.00,0.00,0.00
2012-11-13,0.00,100.00,90.27,0.00,0.00,0.00
2012-11-20,0.00,100.00,90.27,0.00,0.00,0.00
2012-11-27,0.00,100.00,88.05,0.00,0.00,0.00
2012-12-04,0.00,100.00,87.33,0.00,0.00,0.00
2012-12-11,0.00,100.00,9.21,0.00,0.00,0.00
2012-12-18,0.00,100.00,9.21,0.00,0.00,0.00
2012-12-25,0.00,100.00,9.21,0.00,0.00,0.00
2013-01-01,0.00,100.00,55.64,5.52,0.00,0.00
2013-01-08,0.00,100.00,58.73,5.52,0.00,0.00
2013-01-15,0.00,100.00,58.73,0.00,0.00,0.00
2013-01-22,0.00,100.00,58.73,0.00,0.00,0.00
2013-01-29,0.00,100.00,58.73,0.00,0.00,0.00
2013-02-05,0.00,100.00,58.73,0.00,0.00,0.00
2013-02-12,0.00,100.00,36.44,0.00,0.00,0.00
2013-02-19,0.00,100.00,36.44,0.00,0.00,0.00
2013-02-26,0.00,100.00,37.01,0.00,0.00,0.00
2013-03-05,0.00,100.00,34.12,0.00,0.00,0.00
2013-03-12,0.00,100.00,36.55,0.00,0.00,0.00
2013-03-19,0.00,100.00,100.00,0.00,0.00,0.00
2013-03-26,0.00,100.00,100.00,0.00,0.00,0.00
2013-04-02,0.00,100.00,100.00,3.23,0.00,0.00
2013-04-09,0.00,100.00,100.00,3.23,0.00,0.00
2013-04-16,0.00,100.00,100.00,100.00,0.00,0.00
2013-04-23,0.00,100.00,100.00,100.00,0.00,0.00
2013-04-30,0.00,100.00,100.00,0.73,0.00,0.00
2013-05-07,0.00,100.00,100.00,0.73,0.00,0.00
2013-05-14,0.00,100.00,100.00,0.73,0.00,0.00
2013-05-21,0.00,100.00,100.00,100.00,0.00,0.00
2013-05-28,0.00,100.00,100.00,100.00,0.00,0.00
2013-06-04,0.00,100.00,100.00,72.37,0.00,0.00
2013-06-11,0.00,100.00,100.00,67.28,0.00,0.00
2013-06-18,0.00,100.00,100.00,67.28,0.00,0.00
2013-06-25,0.00,100.00,100.00,100.00,0.00,0.00
2013-07-02,0.00,100.00,100.00,100.00,19.74,0.00
2013-07-09,0.00,100.00,100.00,100.00,99.27,0.00
2013-07-16,0.00,100.00,100.00,100.00,100.00,0.00
2013-07-23,0.00,100.00,100.00,100.00,0.00,0.00
2013-07-30,0.00,100.00,100.00,100.00,0.00,0.00
2013-08-06,0.00,100.00,100.00,100.00,0.00,0.00
2013-08-13,0.00,100.00,100.00,100.00,0.00,0.00
2013-08-20,0.00,100.00,100.00,100.00,57.26,0.00
2013-08-27,0.00,100.00,100.00,51.11,0.00,0.00
2013-09-03,0.00,100.00,62.11,3.19,0.00,0.00
2013-09-10,0.00,100.00,62.11,3.19,0.00,0.00
2013-09-17,0.00,100.00,49.22,3.19,0.00,0.00
2013-09-24,0.00,100.00,49.22,0.00,0.00,0.00
2013-10-01,0.00,100.00,100.00,0.00,0.00,0.00
2013-10-08,0.00,100.00,100.00,0.00,0.00,0.00
2013-10-15,0.00,100.00,100.00,0.00,0.00,0.00
2013-10-22,0.00,100.00,100.00,0.00,0.00,0.00
2013-10-29,0.00,100.00,100.00,0.00,0.00,0.00
2013-11-05,0.00,100.00,100.00,0.00,0.00,0.00
2013-11-12,0.00,100.00,100.00,0.00,0.00,0.00
2013-11-19,0.00,100.00,100.00,0.00,0.00,0.00
2013-11-26,0.00,100.00,100.00,0.00,0.00,0.00
2013-12-03,0.00,100.00,100.00,0.00,0.00,0.00
2013-12-10,0.00,100.00,100.00,0.00,0.00,0.00
2013-12-17,0.00,100.00,100.00,0.00,0.00,0.00
2013-12-24,0.00,100.00,100.00,36.83,36.83,0.00
2013-12-31,0.00,100.00,42.19,36.83,0.00,0.00
2014-01-07,0.00,100.00,42.19,36.83,0.00,0.00
2014-01-14,0.00,100.00,62.71,36.83,0.00,0.00
2014-01-21,0.00,100.00,62.71,36.83,0.00,0.00
2014-01-28,0.00,100.00,100.00,42.81,0.00,0.00
2014-02-04,0.00,100.00,100.00,42.81,0.00,0.00
2014-02-11,0.00,100.00,100.00,42.81,0.00,0.00
2014-02-18,0.00,100.00,100.00,42.98,0.00,0.00
2014-02-25,0.00,100.00,100.00,100.00,0.00,0.00
2014-03-04,0.00,100.00,100.00,100.00,0.00,0.00
2014-03-11,0.00,100.00,100.00,0.00,0.00,0.00
2014-03-18,0.00,100.00,100.00,0.00,0.00,0.00
2014-03-25,0.00,100.00,100.00,0.00,0.00,0.00
2014-04-01,0.00,100.00,100.00,0.00,0.00,0.00
2014-04-08,0.00,100.00,100.00,0.00,0.00,0.00
2014-04-15,0.00,100.00,100.00,0.00,0.00,0.00
2014-04-22,0.00,100.00,100.00,0.00,0.00,0.00
2014-04-29,0.00,100.00,100.00,94.59,0.00,0.00
2014-05-06,0.00,100.00,100.00,100.00,0.00,0.00
2014-05-13,0.00,100.00,69.44,1.85,0.00,0.00
2014-05-20,0.00,100.00,69.44,1.85,0.00,0.00
2014-05-27,0.00,100.00,69.44,0.00,0.00,0.00
2014-06-03,0.00,100.00,0.00,0.00,0.00,0.00
2014-06-10,0.00,100.00,100.00,0.00,0.00,0.00
2014-06-17,0.00,100.00,100.00,0.00,0.00,0.00
2014-06-24,0.00,100.00,100.00,0.00,0.00,0.00
2014-07-01,0.00,100.00,0.00,0.00,0.00,0.00
2014-07-08,0.00,100.00,0.00,0.00,0.00,0.00
2014-07-15,0.00,100.00,0.00,0.00,0.00,0.00
2014-07-22,0.00,100.00,0.00,0.00,0.00,0.00
2014-07-29,0.00,100.00,0.00,0.00,0.00,0.00
2014-08-05,0.00,100.00,0.00,0.00,0.00,0.00
2014-08-12,0.00,100.00,0.00,0.00,0.00,0.00
2014-08-19,0.00,100.00,100.00,0.00,0.00,0.00
2014-08-26,0.00,100.00,100.00,0.00,0.00,0.00
2014-09-02,0.00,100.00,100.00,0.00,0.00,0.00
2014-09-09,0.00,100.00,100.00,0.00,0.00,0.00
2014-09-16,0.00,100.00,100.00,0.00,0.00,0.00
2014-09-23,0.00,100.00,100.00,0.00,0.00,0.00
2014-09-30,0.00,100.00,100.00,0.00,0.00,0.00
2014-10-07,0.00,100.00,100.00,0.00,0.00,0.00
2014-10-14,0.00,100.00,100.00,0.00,0.00,0.00
2014-10-21,0.00,100.00,100.00,0.00,0.00,0.00
2014-10-28,0.00,100.00,100.00,0.00,0.00,0.00
2014-11-04,0.00,100.00,100.00,0.00,0.00,0.00
2014-11-11,0.00,100.00,0.02,0.00,0.00,0.00
2014-11-18,0.00,100.00,0.02,0.00,0.00,0.00
2014-11-25,0.00,100.00,0.02,0.00,0.00,0.00
2014-12-02,0.00,100.00,0.02,0.00,0.00,0.00
2014-12-09,0.00,100.00,0.02,0.00,0.00,0.00
2014-12-16,0.00,100.00,0.02,0.00,0.00,0.00
2014-12-23,36.59,63.41,0.00,0.00,0.00,0.00
2014-12-30,36.59,63.41,0.00,0.00,0.00,0.00
2015-01-06,36.59,63.41,0.00,0.00,0.00,0.00
2015-01-13,36.59,63.41,0.00,0.00,0.00,0.00
2015-01-20,36.59,63.41,0.00,0.00,0.00,0.00
2015-01-27,36.59,63.41,0.00,0.00,0.00,0.00
2015-02-03,36.59,63.41,0.00,0.00,0.00,0.00
2015-02-10,36.63,63.37,0.00,0.00,0.00,0.00
2015-02-17,36.63,63.37,0.00,0.00,0.00,0.00
2015-02-24,36.63,63.37,0.00,0.00,0.00,0.00
2015-03-03,36.63,63.37,0.00,0.00,0.00,0.00
2015-03-10,36.63,63.37,0.00,0.00,0.00,0.00
2015-03-17,36.63,63.37,0.00,0.00,0.00,0.00
2015-03-24,100.00,0.00,0.00,0.00,0.00,0.00
2015-03-31,100.00,0.00,0.00,0.00,0.00,0.00
2015-04-07,100.00,0.00,0.00,0.00,0.00,0.00
2015-04-14,100.00,0.00,0.00,0.00,0.00,0.00
2015-04-21,100.00,0.00,0.00,0.00,0.00,0.00
2015-04-28,100.00,0.00,0.00,0.00,0.00,0.00
2015-05-05,100.00,0.00,0.00,0.00,0.00,0.00
2015-05-12,100.00,0.00,0.00,0.00,0.00,0.00
2015-05-19,100.00,0.00,0.00,0.00,0.00,0.00
2015-05-26,100.00,0.00,0.00,0.00,0.00,0.00
2015-06-02,100.00,0.00,0.00,0.00,0.00,0.00
2015-06-09,100.00,0.00,0.00,0.00,0.00,0.00
2015-06-16,100.00,0.00,0.00,0.00,0.00,0.00
2015-06-23,100.00,0.00,0.00,0.00,0.00,0.00
2015-06-30,100.00,0.00,0.00,0.00,0.00,0.00
2015-07-07,100.00,0.00,0.00,0.00,0.00,0.00
2015-07-14,100.00,0.00,0.00,0.00,0.00,0.00
2015-07-21,100.00,0.00,0.00,0.00,0.00,0.00
2015-07-28,62.10,37.90,0.00,0.00,0.00,0.00
2015-08-04,100.00,0.00,0.00,0.00,0.00,0.00
2015-08-11,100.00,0.00,0.00,0.00,0.00,0.00
2015-08-18,0.35,99.65,0.00,0.00,0.00,0.00
2015-08-25,71.63,28.37,0.00,0.00,0.00,0.00
2015-09-01,90.82,9.18,0.00,0.00,0.00,0.00
2015-09-08,90.82,9.18,0.00,0.00,0.00,0.00
2015-09-15,100.00,0.00,0.00,0.00,0.00,0.00
2015-09-22,100.00,0.00,0.00,0.00,0.00,0.00
2015-09-29,100.00,0.00,0.00,0.00,0.00,0.00
2015-10-06,100.00,0.00,0.00,0.00,0.00,0.00
2015-10-13,100.00,0.00,0.00,0.00,0.00,0.00
2015-10-20,100.00,0.00,0.00,0.00,0.00,0.00
2015-10-27,100.00,0.00,0.00,0.00,0.00,0.00
2015-11-03,100.00,0.00,0.00,0.00,0.00,0.00
2015-11-10,100.00,0.00,0.00,0.00,0.00,0.00
2015-11-17,100.00,0.00,0.00,0.00,0.00,0.00
2015-11-24,100.00,0.00,0.00,0.00,0.00,0.00
2015-12-01,100.00,0.00,0.00,0.00,0.00,0.00
2015-12-08,100.00,0.00,0.00,0.00,0.00,0.00
2015-12-15,100.00,0.00,0.00,0.00,0.00,0.00
2015-12-22,0.00,100.00,0.00,0.00,0.00,0.00
2015-12-29,0.00,100.00,0.00,0.00,0.00,0.00
2016-01-05,100.00,0.00,0.00,0.00,0.00,0.00
2016-01-12,100.00,0.00,0.00,0.00,0.00,0.00
2016-01-19,100.00,0.00,0.00,0.00,0.00,0.00
2016-01-26,100.00,0.00,0.00,0.00,0.00,0.00
2016-02-02,95.58,4.42,0.00,0.00,0.00,0.00
2016-02-09,0.00,100.00,0.00,0.00,0.00,0.00
2016-02-16,0.00,100.00,79.06,0.00,0.00,0.00
2016-02-23,0.00,100.00,79.26,0.00,0.00,0.00
2016-03-01,0.00,100.00,79.26,0.00,0.00,0.00
2016-03-08,0.00,100.00,79.26,0.00,0.00,0.00
2016-03-15,100.00,0.00,0.00,0.00,0.00,0.00
2016-03-22,100.00,0.00,0.00,0.00,0.00,0.00
2016-03-29,100.00,0.00,0.00,0.00,0.00,0.00
2016-04-05,100.00,0.00,0.00,0.00,0.00,0.00
2016-04-12,100.00,0.00,0.00,0.00,0.00,0.00
2016-04-19,100.00,0.00,0.00,0.00,0.00,0.00
2016-04-26,100.00,0.00,0.00,0.00,0.00,0.00
2016-05-03,100.00,0.00,0.00,0.00,0.00,0.00
2016-05-10,91.14,8.86,0.00,0.00,0.00,0.00
2016-05-17,100.00,0.00,0.00,0.00,0.00,0.00
2016-05-24,100.00,0.00,0.00,0.00,0.00,0.00
2016-05-31,100.00,0.00,0.00,0.00,0.00,0.00
2016-06-07,100.00,0.00,0.00,0.00,0.00,0.00
2016-06-14,100.00,0.00,0.00,0.00,0.00,0.00
2016-06-21,100.00,0.00,0.00,0.00,0.00,0.00
2016-06-28,100.00,0.00,0.00,0.00,0.00,0.00
2016-07-05,100.00,0.00,0.00,0.00,0.00,0.00
2016-07-12,100.00,0.00,0.00,0.00,0.00,0.00
2016-07-19,100.00,0.00,0.00,0.00,0.00,0.00
2016-07-26,21.16,78.84,0.00,0.00,0.00,0.00
2016-08-02,0.00,100.00,0.00,0.00,0.00,0.00
2016-08-09,0.00,100.00,0.00,0.00,0.00,0.00
2016-08-16,0.00,100.00,0.00,0.00,0.00,0.00
2016-08-23,0.00,100.00,0.00,0.00,0.00,0.00
2016-08-30,100.00,0.00,0.00,0.00,0.00,0.00
2016-09-06,100.00,0.00,0.00,0.00,0.00,0.00
2016-09-13,100.00,0.00,0.00,0.00,0.00,0.00
2016-09-20,92.23,7.77,0.00,0.00,0.00,0.00
2016-09-27,100.00,0.00,0.00,0.00,0.00,0.00
2016-10-04,100.00,0.00,0.00,0.00,0.00,0.00
2016-10-11,92.65,7.35,0.00,0.00,0.00,0.00
2016-10-18,92.65,7.35,0.00,0.00,0.00,0.00
2016-10-25,19.05,80.95,0.00,0.00,0.00,0.00
2016-11-01,19.05,80.95,0.00,0.00,0.00,0.00
2016-11-08,18.63,81.37,0.00,0.00,0.00,0.00
2016-11-15,0.00,100.00,0.00,0.00,0.00,0.00
2016-11-22,100.00,0.00,0.00,0.00,0.00,0.00
2016-11-29,100.00,0.00,0.00,0.00,0.00,0.00
2016-12-06,98.67,1.33,0.00,0.00,0.00,0.00
2016-12-13,100.00,0.00,0.00,0.00,0.00,0.00
2016-12-20,100.00,0.00,0.00,0.00,0.00,0.00
2016-12-27,100.00,0.00,0.00,0.00,0.00,0.00
2017-01-03,100.00,0.00,0.00,0.00,0.00,0.00
2017-01-10,67.29,32.71,0.00,0.00,0.00,0.00
2017-01-17,67.29,32.71,0.00,0.00,0.00,0.00
2017-01-24,67.29,32.71,0.00,0.00,0.00,0.00
2017-01-31,0.06,99.94,9.89,0.00,0.00,0.00
2017-02-07,0.01,99.99,9.89,0.00,0.00,0.00
2017-02-14,0.00,100.00,9.89,0.00,0.00,0.00
2017-02-21,96.20,3.80,0.00,0.00,0.00,0.00
2017-02-28,96.20,3.80,0.00,0.00,0.00,0.00
2017-03-07,100.00,0.00,0.00,0.00,0.00,0.00
2017-03-14,100.00,0.00,0.00,0.00,0.00,0.00
2017-03-21,100.00,0.00,0.00,0.00,0.00,0.00
2017-03-28,100.00,0.00,0.00,0.00,0.00,0.00
2017-04-04,100.00,0.00,0.00,0.00,0.00,0.00
2017-04-11,100.00,0.00,0.00,0.00,0.00,0.00
2017-04-18,100.00,0.00,0.00,0.00,0.00,0.00
2017-04-25,100.00,0.00,0.00,0.00,0.00,0.00
2017-05-02,100.00,0.00,0.00,0.00,0.00,0.00
2017-05-09,100.00,0.00,0.00,0.00,0.00,0.00
2017-05-16,0.00,100.00,0.00,0.00,0.00,0.00
2017-05-23,51.41,48.59,0.00,0.00,0.00,0.00
2017-05-30,51.41,48.59,0.00,0.00,0.00,0.00
2017-06-06,100.00,0.00,0.00,0.00,0.00,0.00
2017-06-13,100.00,0.00,0.00,0.00,0.00,0.00
2017-06-20,100.00,0.00,0.00,0.00,0.00,0.00
2017-06-27,100.00,0.00,0.00,0.00,0.00,0.00
2017-07-04,100.00,0.00,0.00,0.00,0.00,0.00
2017-07-11,100.00,0.00,0.00,0.00,0.00,0.00
2017-07-18,100.00,0.00,0.00,0.00,0.00,0.00
2017-07-25,100.00,0.00,0.00,0.00,0.00,0.00
2017-08-01,0.00,100.00,0.00,0.00,0.00,0.00
2017-08-08,74.42,25.58,0.00,0.00,0.00,0.00
2017-08-15,76.45,23.55,0.00,0.00,0.00,0.00
2017-08-22,42.08,57.92,0.00,0.00,0.00,0.00
2017-08-29,100.00,0.00,0.00,0.00,0.00,0.00
2017-09-05,100.00,0.00,0.00,0.00,0.00,0.00
2017-09-12,100.00,0.00,0.00,0.00,0.00,0.00
2017-09-19,100.00,0.00,0.00,0.00,0.00,0.00
2017-09-26,100.00,0.00,0.00,0.00,0.00,0.00
2017-10-03,100.00,0.00,0.00,0.00,0.00,0.00
2017-10-10,100.00,0.00,0.00,0.00,0.00,0.00
2017-10-17,100.00,0.00,0.00,0.00,0.00,0.00
2017-10-24,100.00,0.00,0.00,0.00,0.00,0.00
2017-10-31,100.00,0.00,0.00,0.00,0.00,0.00
2017-11-07,100.00,0.00,0.00,0.00,0.00,0.00
2017-11-14,0.00,100.00,0.00,0.00,0.00,0.00
2017-11-21,0.00,100.00,0.00,0.00,0.00,0.00
2017-11-28,0.00,100.00,100.00,0.00,0.00,0.00
2017-12-05,0.00,100.00,100.00,0.00,0.00,0.00
2017-12-12,0.00,100.00,0.00,0.00,0.00,0.00
2017-12-19,100.00,0.00,0.00,0.00,0.00,0.00
2017-12-26,100.00,0.00,0.00,0.00,0.00,0.00
2018-01-02,99.94,0.06,0.00,0.00,0.00,0.00
2018-01-09,99.94,0.06,0.00,0.00,0.00,0.00
2018-01-16,0.00,100.00,0.00,0.00,0.00,0.00
2018-01-23,0.00,100.00,100.00,0.00,0.00,0.00
2018-01-30,0.00,100.00,28.59,0.00,0.00,0.00
2018-02-06,0.00,100.00,62.39,0.00,0.00,0.00
2018-02-13,0.00,100.00,75.29,0.00,0.00,0.00
2018-02-20,0.00,100.00,75.30,0.00,0.00,0.00
2018-02-27,0.00,100.00,94.76,0.00,0.00,0.00
2018-03-06,0.00,100.00,94.76,0.00,0.00,0.00
2018-03-13,0.00,100.00,94.76,0.00,0.00,0.00
2018-03-20,0.00,100.00,94.76,0.00,0.00,0.00
2018-03-27,0.00,100.00,94.76,0.00,0.00,0.00
2018-04-03,0.00,100.00,4.13,0.00,0.00,0.00
2018-04-10,0.00,100.00,4.12,0.00,0.00,0.00
2018-04-17,0.00,100.00,4.12,0.00,0.00,0.00
2018-04-24,0.00,100.00,36.84,0.00,0.00,0.00
2018-05-01,0.00,100.00,36.84,0.00,0.00,0.00
2018-05-08,0.00,100.00,36.84,0.00,0.00,0.00
2018-05-15,0.00,100.00,100.00,0.00,0.00,0.00
2018-05-22,0.00,100.00,100.00,0.00,0.00,0.00
2018-05-29,0.00,100.00,100.00,5.65,0.00,0.00
2018-06-05,0.00,100.00,100.00,100.00,0.00,0.00
2018-06-12,0.00,100.00,100.00,100.00,100.00,0.00
2018-06-19,0.00,100.00,100.00,100.00,0.00,0.00
2018-06-26,99.86,0.14,0.00,0.00,0.00,0.00
2018-07-03,99.98,0.02,0.00,0.00,0.00,0.00
2018-07-10,100.00,0.00,0.00,0.00,0.00,0.00
2018-07-17,100.00,0.00,0.00,0.00,0.00,0.00
2018-07-24,100.00,0.00,0.00,0.00,0.00,0.00
2018-07-31,100.00,0.00,0.00,0.00,0.00,0.00
2018-08-07,100.00,0.00,0.00,0.00,0.00,0.00
2018-08-14,100.00,0.00,0.00,0.00,0.00,0.00
2018-08-21,100.00,0.00,0.00,0.00,0.00,0.00
2018-08-28,100.00,0.00,0.00,0.00,0.00,0.00
2018-09-04,100.00,0.00,0.00,0.00,0.00,0.00
2018-09-11,100.00,0.00,0.00,0.00,0.00,0.00
2018-09-18,100.00,0.00,0.00,0.00,0.00,0.00
2018-09-25,100.00,0.00,0.00,0.00,0.00,0.00
2018-10-02,100.00,0.00,0.00,0.00,0.00,0.00
2018-10-09,100.00,0.00,0.00,0.00,0.00,0.00
2018-10-16,100.00,0.00,0.00,0.00,0.00,0.00
2018-10-23,100.00,0.00,0.00,0.00,0.00,0.00
2018-10-30,100.00,0.00,0.00,0.00,0.00,0.00
2018-11-06,100.00,0.00,0.00,0.00,0.00,0.00
2018-11-13,100.00,0.00,0.00,0.00,0.00,0.00
2018-11-20,100.00,0.00,0.00,0.00,0.00,0.00
2018-11-27,100.00,0.00,0.00,0.00,0.00,0.00
2018-12-04,100.00,0.00,0.00,0.00,0.00,0.00
2018-12-11,100.00,0.00,0.00,0.00,0.00,0.00
2018-12-18,100.00,0.00,0.00,0.00,0.00,0.00
2018-12-25,100.00,0.00,0.00,0.00,0.00,0.00
2019-01-01,65.03,34.97,0.00,0.00,0.00,0.00
2019-01-08,65.03,34.97,0.00,0.00,0.00,0.00
2019-01-15,65.03,34.97,0.00,0.00,0.00,0.00
2019-01-22,65.03,34.97,0.00,0.00,0.00,0.00
2019-01-29,100.00,0.00,0.00,0.00,0.00,0.00
2019-02-05,100.00,0.00,0.00,0.00,0.00,0.00
2019-02-12,100.00,0.00,0.00,0.00,0.00,0.00
2019-02-19,100.00,0.00,0.00,0.00,0.00,0.00
2019-02-26,100.00,0.00,0.00,0.00,0.00,0.00
2019-03-05,100.00,0.00,0.00,0.00,0.00,0.00
2019-03-12,100.00,0.00,0.00,0.00,0.00,0.00
2019-03-19,100.00,0.00,0.00,0.00,0.00,0.00
2019-03-26,77.39,22.61,0.00,0.00,0.00,0.00
2019-04-02,100.00,0.00,0.00,0.00,0.00,0.00
2019-04-09,100.00,0.00,0.00,0.00,0.00,0.00
2019-04-16,100.00,0.00,0.00,0.00,0.00,0.00
2019-04-23,100.00,0.00,0.00,0.00,0.00,0.00
2019-04-30,100.00,0.00,0.00,0.00,0.00,0.00
2019-05-07,100.00,0.00,0.00,0.00,0.00,0.00
2019-05-14,100.00,0.00,0.00,0.00,0.00,0.00
2019-05-21,100.00,0.00,0.00,0.00,0.00,0.00
2019-05-28,89.82,10.18,0.00,0.00,0.00,0.00
2019-06-04,25.08,74.92,0.00,0.00,0.00,0.00
2019-06-11,100.00,0.00,0.00,0.00,0.00,0.00
2019-06-18,100.00,0.00,0.00,0.00,0.00,0.00
2019-06-25,100.00,0.00,0.00,0.00,0.00,0.00
2019-07-02,100.00,0.00,0.00,0.00,0.00,0.00
2019-07-09,99.67,0.33,0.00,0.00,0.00,0.00
2019-07-16,98.99,1.01,0.00,0.00,0.00,0.00
2019-07-23,93.16,6.84,0.00,0.00,0.00,0.00
2019-07-30,69.55,30.45,0.00,0.00,0.00,0.00
2019-08-06,0.00,100.00,33.15,0.00,0.00,0.00
2019-08-13,0.00,100.00,100.00,0.00,0.00,0.00
2019-08-20,0.00,100.00,100.00,3.31,0.00,0.00
2019-08-27,0.00,100.00,100.00,41.58,0.00,0.00
2019-09-03,0.00,100.00,100.00,40.81,0.00,0.00
2019-09-10,0.00,100.00,100.00,0.00,0.00,0.00
2019-09-17,0.00,100.00,100.00,0.00,0.00,0.00
2019-09-24,0.00,100.00,100.00,0.00,0.00,0.00
2019-10-01,0.00,100.00,100.00,0.00,0.00,0.00
2019-10-08,0.00,100.00,100.00,0.00,0.00,0.00
2019-10-15,0.00,100.00,100.00,0.00,0.00,0.00
2019-10-22,0.00,100.00,100.00,0.00,0.00,0.00
2019-10-29,0.00,100.00,100.00,16.93,0.00,0.00
2019-11-05,0.00,100.00,100.00,16.93,0.00,0.00
2019-11-12,0.00,100.00,97.86,0.00,0.00,0.00
2019-11-19,0.00,100.00,0.00,0.00,0.00,0.00
2019-11-26,0.00,100.00,0.00,0.00,0.00,0.00
2019-12-03,0.00,100.00,0.00,0.00,0.00,0.00
2019-12-10,0.00,100.00,0.00,0.00,0.00,0.00
2019-12-17,0.00,100.00,0.00,0.00,0.00,0.00
2019-12-24,98.32,1.68,0.00,0.00,0.00,0.00
2019-12-31,98.32,1.68,0.00,0.00,0.00,0.00
2020-01-07,98.32,1.68,0.00,0.00,0.00,0.00
2020-01-14,98.32,1.68,0.00,0.00,0.00,0.00
2020-01-21,51.24,48.76,0.00,0.00,0.00,0.00
2020-01-28,100.00,0.00,0.00,0.00,0.00,0.00
2020-02-04,100.00,0.00,0.00,0.00,0.00,0.00
2020-02-11,100.00,0.00,0.00,0.00,0.00,0.00
2020-02-18,92.93,7.07,0.00,0.00,0.00,0.00
2020-02-25,92.93,7.07,0.00,0.00,0.00,0.00
2020-03-03,0.00,100.00,7.07,0.00,0.00,0.00
2020-03-10,0.00,100.00,100.00,0.00,0.00,0.00
2020-03-17,0.00,100.00,100.00,20.19,0.00,0.00
2020-03-24,0.00,100.00,100.00,54.79,0.00,0.00
2020-03-31,0.00,100.00,100.00,100.00,0.00,0.00
2020-04-07,0.00,100.00,100.00,100.00,0.00,0.00
2020-04-14,0.00,100.00,100.00,100.00,0.00,0.00
2020-04-21,0.00,100.00,100.00,100.00,0.00,0.00
2020-04-28,0.00,100.00,100.00,100.00,0.00,0.00
2020-05-05,0.00,100.00,100.00,100.00,0.00,0.00
2020-05-12,0.00,100.00,100.00,100.00,0.00,0.00
2020-05-19,0.00,100.00,100.00,0.00,0.00,0.00
2020-05-26,0.00,100.00,0.00,0.00,0.00,0.00
2020-06-02,100.00,0.00,0.00,0.00,0.00,0.00
2020-06-09,100.00,0.00,0.00,0.00,0.00,0.00
2020-06-16,100.00,0.00,0.00,0.00,0.00,0.00
2020-06-23,100.00,0.00,0.00,0.00,0.00,0.00
2020-06-30,100.00,0.00,0.00,0.00,0.00,0.00
2020-07-07,100.00,0.00,0.00,0.00,0.00,0.00
2020-07-14,100.00,0.00,0.00,0.00,0.00,0.00
2020-07-21,0.00,100.00,0.00,0.00,0.00,0.00
2020-07-28,100.00,0.00,0.00,0.00,0.00,0.00
2020-08-04,100.00,0.00,0.00,0.00,0.00,0.00
2020-08-11,100.00,0.00,0.00,0.00,0.00,0.00
2020-08-18,100.00,0.00,0.00,0.00,0.00,0.00
2020-08-25,100.00,0.00,0.00,0.00,0.00,0.00
2020-09-01,4.98,95.02,0.00,0.00,0.00,0.00
2020-09-08,0.00,100.00,0.00,0.00,0.00,0.00
2020-09-15,0.00,100.00,0.00,0.00,0.00,0.00
2020-09-22,100.00,0.00,0.00,0.00,0.00,0.00
2020-09-29,100.00,0.00,0.00,0.00,0.00,0.00
2020-10-06,100.00,0.00,0.00,0.00,0.00,0.00
2020-10-13,28.34,71.66,0.00,0.00,0.00,0.00
2020-10-20,0.00,100.00,0.00,0.00,0.00,0.00
2020-10-27,0.00,100.00,0.00,0.00,0.00,0.00
2020-11-03,0.00,100.00,100.00,0.00,0.00,0.00
2020-11-10,0.00,100.00,100.00,97.98,0.00,0.00
2020-11-17,0.00,100.00,100.00,100.00,0.00,0.00
2020-11-24,0.00,100.00,100.00,100.00,0.00,0.00
2020-12-01,0.00,100.00,100.00,55.88,0.00,0.00
2020-12-08,0.00,100.00,100.00,55.88,0.00,0.00
2020-12-15,0.00,100.00,100.00,55.88,0.00,0.00
2020-12-22,0.00,100.00,100.00,0.47,0.00,0.00
2020-12-29,0.00,100.00,100.00,0.47,0.00,0.00
2021-01-05,0.00,100.00,0.38,0.00,0.00,0.00
2021-01-12,84.64,15.36,0.00,0.00,0.00,0.00
2021-01-19,79.00,21.00,0.00,0.00,0.00,0.00
2021-01-26,79.00,21.00,0.00,0.00,0.00,0.00
2021-02-02,0.00,100.00,0.00,0.00,0.00,0.00
2021-02-09,0.00,100.00,0.00,0.00,0.00,0.00
2021-02-16,0.00,100.00,0.00,0.00,0.00,0.00
2021-02-23,0.00,100.00,2.13,0.00,0.00,0.00
2021-03-02,0.00,100.00,100.00,0.00,0.00,0.00
2021-03-09,0.00,100.00,100.00,0.00,0.00,0.00
2021-03-16,0.00,100.00,100.00,0.00,0.00,0.00
2021-03-23,0.00,100.00,100.00,0.00,0.00,0.00
2021-03-30,0.00,100.00,100.00,0.00,0.00,0.00
2021-04-06,0.00,100.00,100.00,0.00,0.00,0.00
2021-04-13,0.00,100.00,100.00,0.00,0.00,0.00
2021-04-20,0.00,100.00,100.00,0.00,0.00,0.00
2021-04-27,0.00,100.00,100.00,0.00,0.00,0.00
2021-05-04,99.07,0.93,0.00,0.00,0.00,0.00
2021-05-11,100.00,0.00,0.00,0.00,0.00,0.00
2021-05-18,100.00,0.00,0.00,0.00,0.00,0.00
2021-05-25,100.00,0.00,0.00,0.00,0.00,0.00
2021-06-01,100.00,0.00,0.00,0.00,0.00,0.00
2021-06-08,100.00,0.00,0.00,0.00,0.00,0.00
2021-06-15,100.00,0.00,0.00,0.00,0.00,0.00
2021-06-22,100.00,0.00,0.00,0.00,0.00,0.00
2021-06-29,100.00,0.00,0.00,0.00,0.00,0.00
2021-07-06,100.00,0.00,0.00,0.00,0.00,0.00
2021-07-13,100.00,0.00,0.00,0.00,0.00,0.00
2021-07-20,100.00,0.00,0.00,0.00,0.00,0.00
2021-07-27,100.00,0.00,0.00,0.00,0.00,0.00
2021-08-03,100.00,0.00,0.00,0.00,0.00,0.00
2021-08-10,100.00,0.00,0.00,0.00,0.00,0.00
2021-08-17,100.00,0.00,0.00,0.00,0.00,0.00
2021-08-24,100.00,0.00,0.00,0.00,0.00,0.00
2021-08-31,100.00,0.00,0.00,0.00,0.00,0.00
2021-09-07,100.00,0.00,0.00,0.00,0.00,0.00
2021-09-14,100.00,0.00,0.00,0.00,0.00,0.00
2021-09-21,100.00,0.00,0.00,0.00,0.00,0.00
2021-09-28,100.00,0.00,0.00,0.00,0.00,0.00
2021-10-05,100.00,0.00,0.00,0.00,0.00,0.00
2021-10-12,100.00,0.00,0.00,0.00,0.00,0.00
2021-10-19,100.00,0.00,0.00,0.00,0.00,0.00
2021-10-26,100.00,0.00,0.00,0.00,0.00,0.00
2021-11-02,100.00,0.00,0.00,0.00,0.00,0.00
2021-11-09,100.00,0.00,0.00,0.00,0.00,0.00
2021-11-16,100.00,0.00,0.00,0.00,0.00,0.00
2021-11-23,100.00,0.00,0.00,0.00,0.00,0.00
2021-11-30,100.00,0.00,0.00,0.00,0.00,0.00
2021-12-07,100.00,0.00,0.00,0.00,0.00,0.00
2021-12-14,100.00,0.00,0.00,0.00,0.00,0.00
2021-12-21,100.00,0.00,0.00,0.00,0.00,0.00
2021-12-28,25.69,74.31,0.00,0.00,0.00,0.00
2022-01-04,0.00,100.00,0.00,0.00,0.00,0.00
2022-01-11,0.00,100.00,0.00,0.00,0.00,0.00
2022-01-18,0.00,100.00,0.00,0.00,0.00,0.00
2022-01-25,0.00,100.00,0.00,0.00,0.00,0.00
2022-02-01,0.01,99.99,0.00,0.00,0.00,0.00
2022-02-08,100.00,0.00,0.00,0.00,0.00,0.00
2022-02-15,100.00,0.00,0.00,0.00,0.00,0.00
2022-02-22,0.00,100.00,0.00,0.00,0.00,0.00
2022-03-01,0.00,100.00,0.00,0.00,0.00,0.00
2022-03-08,0.00,100.00,91.09,0.00,0.00,0.00
2022-03-15,0.00,100.00,91.09,0.00,0.00,0.00
2022-03-22,0.00,100.00,91.09,0.00,0.00,0.00
2022-03-29,0.00,100.00,92.32,0.00,0.00,0.00
2022-04-05,0.00,100.00,92.32,56.83,0.00,0.00
2022-04-12,0.00,100.00,100.00,100.00,0.00,0.00
2022-04-19,0.00,100.00,100.00,100.00,0.00,0.00
2022-04-26,0.00,100.00,100.00,100.00,0.00,0.00
2022-05-03,0.00,100.00,100.00,100.00,50.63,0.00
2022-05-10,0.00,100.00,100.00,100.00,99.89,0.00
2022-05-17,0.00,100.00,100.00,100.00,100.00,0.00
2022-05-24,0.00,100.00,100.00,100.00,0.00,0.00
2022-05-31,0.00,100.00,100.00,100.00,0.00,0.00
2022-06-07,0.00,100.00,100.00,100.00,55.63,0.00
2022-06-14,0.00,100.00,100.00,100.00,82.53,0.00
2022-06-21,0.00,100.00,100.00,100.00,82.53,0.00
2022-06-28,0.00,100.00,100.00,100.00,82.55,0.00
2022-07-05,0.00,100.00,100.00,100.00,82.98,0.00
2022-07-12,0.00,100.00,100.00,100.00,82.81,0.00
2022-07-19,0.00,100.00,100.00,100.00,82.81,0.00
2022-07-26,0.00,100.00,100.00,100.00,100.00,0.00
2022-08-02,0.00,100.00,100.00,100.00,100.00,0.00
2022-08-09,0.00,100.00,100.00,100.00,100.00,0.00
2022-08-16,0.00,100.00,100.00,100.00,0.00,0.00
2022-08-23,0.00,100.00,100.00,100.00,0.00,0.00
2022-08-30,0.00,100.00,65.04,0.00,0.00,0.00
2022-09-06,100.00,0.00,0.00,0.00,0.00,0.00
2022-09-13,100.00,0.00,0.00,0.00,0.00,0.00
2022-09-20,100.00,0.00,0.00,0.00,0.00,0.00
2022-09-27,100.00,0.00,0.00,0.00,0.00,0.00
2022-10-04,100.00,0.00,0.00,0.00,0.00,0.00
2022-10-11,0.00,100.00,0.00,0.00,0.00,0.00
2022-10-18,0.00,100.00,0.00,0.00,0.00,0.00
2022-10-25,0.00,100.00,0.00,0.00,0.00,0.00
2022-11-01,99.89,0.11,0.00,0.00,0.00,0.00
2022-11-08,100.00,0.00,0.00,0.00,0.00,0.00
2022-11-15,100.00,0.00,0.00,0.00,0.00,0.00
2022-11-22,100.00,0.00,0.00,0.00,0.00,0.00
2022-11-29,100.00,0.00,0.00,0.00,0.00,0.00
2022-12-06,100.00,0.00,0.00,0.00,0.00,0.00
2022-12-13,100.00,0.00,0.00,0.00,0.00,0.00
2022-12-20,100.00,0.00,0.00,0.00,0.00,0.00
2022-12-27,100.00,0.00,0.00,0.00,0.00,0.00
2023-01-03,100.00,0.00,0.00,0.00,0.00,0.00
2023-01-10,100.00,0.00,0.00,0.00,0.00,0.00
2023-01-17,100.00,0.00,0.00,0.00,0.00,0.00
2023-01-24,100.00,0.00,0.00,0.00,0.00,0.00
2023-01-31,0.00,100.00,0.00,0.00,0.00,0.00
2023-02-07,0.00,100.00,0.00,0.00,0.00,0.00
2023-02-14,0.00,100.00,0.00,0.00,0.00,0.00
2023-02-21,0.00,100.00,60.42,0.00,0.00,0.00
2023-02-28,0.00,100.00,100.00,0.00,0.00,0.00
2023-03-07,0.00,100.00,100.00,0.00,0.00,0.00
2023-03-14,0.00,100.00,100.00,100.00,0.00,0.00
2023-03-21,0.00,100.00,100.00,100.00,0.00,0.00
2023-03-28,0.00,100.00,100.00,100.00,0.00,0.00
2023-04-04,0.00,100.00,100.00,100.00,0.00,0.00
2023-04-11,0.00,100.00,100.00,0.00,0.00,0.00
2023-04-18,0.00,100.00,100.00,0.00,0.00,0.00
2023-04-25,0.00,100.00,100.00,0.00,0.00,0.00
2023-05-02,0.00,100.00,0.00,0.00,0.00,0.00
2023-05-09,1.69,98.31,0.00,0.00,0.00,0.00
2023-05-16,100.00,0.00,0.00,0.00,0.00,0.00
2023-05-23,100.00,0.00,0.00,0.00,0.00,0.00
2023-05-30,100.00,0.00,0.00,0.00,0.00,0.00
2023-06-06,100.00,0.00,0.00,0.00,0.00,0.00
2023-06-13,100.00,0.00,0.00,0.00,0.00,0.00
2023-06-20,100.00,0.00,0.00,0.00,0.00,0.00
2023-06-27,0.00,100.00,0.00,0.00,0.00,0.00
2023-07-04,0.00,100.00,0.00,0.00,0.00,0.00
2023-07-11,0.00,100.00,0.00,0.00,0.00,0.00
2023-07-18,0.00,100.00,100.00,0.00,0.00,0.00
2023-07-25,0.00,100.00,100.00,0.00,0.00,0.00
2023-08-01,0.00,100.00,100.00,0.00,0.00,0.00
2023-08-08,0.00,100.00,100.00,52.54,0.00,0.00
2023-08-15,0.00,100.00,100.00,52.43,24.27,0.00
2023-08-22,0.00,100.00,100.00,100.00,46.74,0.00
2023-08-29,0.00,100.00,100.00,99.69,46.74,0.00
2023-09-05,0.00,100.00,100.00,81.47,46.74,0.00
2023-09-12,0.00,100.00,100.00,81.47,46.74,0.00
2023-09-19,0.00,100.00,100.00,81.47,46.74,0.00
2023-09-26,0.00,100.00,100.00,81.47,46.74,0.00
2023-10-03,0.00,100.00,100.00,78.37,13.15,0.00
2023-10-10,0.00,100.00,100.00,78.34,11.58,0.00
2023-10-17,0.00,100.00,100.00,78.34,8.71,0.00
2023-10-24,0.00,100.00,100.00,78.34,8.71,0.00
2023-10-31,0.00,100.00,100.00,79.86,8.71,0.00
2023-11-07,0.00,100.00,100.00,78.51,8.71,0.00
2023-11-14,0.00,100.00,81.06,35.15,0.00,0.00
2023-11-21,0.00,100.00,52.28,0.00,0.00,0.00
2023-11-28,0.00,100.00,52.09,0.00,0.00,0.00
2023-12-05,0.00,100.00,51.93,0.00,0.00,0.00
2023-12-12,0.00,100.00,51.93,0.00,0.00,0.00
2023-12-19,0.00,100.00,51.65,0.00,0.00,0.00
2023-12-26,0.00,100.00,51.65,0.00,0.00,0.00
2024-01-02,0.00,100.00,51.65,0.00,0.00,0.00
2024-01-09,48.35,51.65,0.00,0.00,0.00,0.00
2024-01-16,48.35,51.65,0.00,0.00,0.00,0.00
2024-01-23,100.00,0.00,0.00,0.00,0.00,0.00
2024-01-30,100.00,0.00,0.00,0.00,0.00,0.00
2024-02-06,100.00,0.00,0.00,0.00,0.00,0.00
2024-02-13,100.00,0.00,0.00,0.00,0.00,0.00
2024-02-20,100.00,0.00,0.00,0.00,0.00,0.00
2024-02-27,100.00,0.00,0.00,0.00,0.00,0.00
2024-03-05,100.00,0.00,0.00,0.00,0.00,0.00
2024-03-12,100.00,0.00,0.00,0.00,0.00,0.00
2024-03-19,100.00,0.00,0.00,0.00,0.00,0.00
2024-03-26,100.00,0.00,0.00,0.00,0.00,0.00
2024-04-02,100.00,0.00,0.00,0.00,0.00,0.00
2024-04-09,100.00,0.00,0.00,0.00,0.00,0.00
2024-04-16,100.00,0.00,0.00,0.00,0.00,0.00
2024-04-23,100.00,0.00,0.00,0.00,0.00,0.00
2024-04-30,100.00,0.00,0.00,0.00,0.00,0.00
2024-05-07,100.00,0.00,0.00,0.00,0.00,0.00
2024-05-14,5.56,94.44,0.00,0.00,0.00,0.00
2024-05-21,5.56,94.44,0.00,0.00,0.00,0.00
2024-05-28,5.56,94.44,37.46,0.00,0.00,0.00
2024-06-04,5.53,94.47,38.73,0.00,0.00,0.00
2024-06-11,0.00,100.00,100.00,1.14,0.00,0.00
2024-06-18,0.00,100.00,100.00,1.14,0.00,0.00
2024-06-25,100.00,0.00,0.00,0.00,0.00,0.00
2024-07-02,100.00,0.00,0.00,0.00,0.00,0.00
2024-07-09,100.00,0.00,0.00,0.00,0.00,0.00
2024-07-16,100.00,0.00,0.00,0.00,0.00,0.00
2024-07-23,100.00,0.00,0.00,0.00,0.00,0.00
2024-07-30,100.00,0.00,0.00,0.00,0.00,0.00
2024-08-06,100.00,0.00,0.00,0.00,0.00,0.00
2024-08-13,100.00,0.00,0.00,0.00,0.00,0.00
2024-08-20,100.00,0.00,0.00,0.00,0.00,0.00
2024-08-27,41.23,58.77,0.00,0.00,0.00,0.00
2024-09-03,100.00,0.00,0.00,0.00,0.00,0.00
2024-09-10,100.00,0.00,0.00,0.00,0.00,0.00
2024-09-17,100.00,0.00,0.00,0.00,0.00,0.00
2024-09-24,100.00,0.00,0.00,0.00,0.00,0.00
2024-10-01,0.00,100.00,0.00,0.00,0.00,0.00
2024-10-08,0.00,100.00,0.00,0.00,0.00,0.00
2024-10-15,0.00,100.00,0.00,0.00,0.00,0.00
2024-10-22,0.00,100.00,100.00,0.00,0.00,0.00
2024-10-29,0.00,100.00,100.00,0.00,0.00,0.00
2024-11-05,0.00,100.00,100.00,0.00,0.00,0.00
2024-11-12,0.00,100.00,100.00,0.00,0.00,0.00
2024-11-19,0.00,100.00,100.00,0.00,0.00,0.00
2024-11-26,0.00,100.00,100.00,0.00,0.00,0.00
2024-12-03,0.00,100.00,100.00,0.00,0.00,0.00
2024-12-10,0.00,100.00,100.00,0.00,0.00,0.00
2024-12-17,0.00,100.00,100.00,0.00,0.00,0.00
2024-12-24,0.00,100.00,100.00,0.00,0.00,0.00
2024-12-31,0.00,100.00,100.00,0.00,0.00,0.00
2025-01-07,0.00,100.00,100.00,0.00,0.00,0.00
2025-01-14,0.00,100.00,36.98,0.00,0.00,0.00
2025-01-21,0.00,100.00,36.98,0.00,0.00,0.00
2025-01-28,0.00,100.00,45.66,0.00,0.00,0.00
2025-02-04,0.00,100.00,45.66,0.00,0.00,0.00
2025-02-11,0.00,100.00,45.66,0.00,0.00,0.00
2025-02-18,0.00,100.00,45.66,0.00,0.00,0.00
2025-02-25,0.00,100.00,100.00,33.93,0.00,0.00
2025-03-04,0.00,100.00,100.00,33.93,0.00,0.00
2025-03-11,0.00,100.00,100.00,33.93,0.00,0.00
2025-03-18,0.00,100.00,100.00,100.00,0.00,0.00
2025-03-25,0.00,100.00,100.00,100.00,13.94,0.00
2025-04-01,0.00,100.00,100.00,100.00,0.00,0.00
2025-04-08,0.00,100.00,100.00,100.00,0.00,0.00
2025-04-15,0.00,100.00,100.00,100.00,0.00,0.00
2025-04-22,0.00,100.00,100.00,36.21,0.00,0.00
2025-04-29,0.00,100.00,100.00,0.00,0.00,0.00
2025-05-06,0.00,100.00,100.00,0.00,0.00,0.00
2025-05-13,0.00,100.00,99.51,0.00,0.00,0.00
2025-05-20,0.00,100.00,99.51,0.00,0.00,0.00
2025-05-27,0.00,100.00,99.51,0.00,0.00,0.00
2025-06-03,0.80,99.20,1.42,0.00,0.00,0.00
2025-06-10,0.82,99.18,1.42,0.00,0.00,0.00
2025-06-17,96.46,3.54,0.00,0.00,0.00,0.00
